This is pdfTeX, Version 3.141592653-2.6-1.40.24 (TeX Live 2022) (preloaded format=pdflatex 2022.7.24)  1 SEP 2026 23:43
entering extended mode
 restricted \write18 enabled.
 %&-line parsing enabled.
**main.tex
(./main.tex
LaTeX2e <2021-11-15> patch level 1
L3 programming layer <2022-02-24> (./preambolo_bozza.tex
(/usr/local/texlive/2022/texmf-dist/tex/latex/base/book.cls
Document Class: book 2021/10/04 v1.4n Standard LaTeX document class
(/usr/local/texlive/2022/texmf-dist/tex/latex/base/bk11.clo
File: bk11.clo 2021/10/04 v1.4n Standard LaTeX file (size option)
)
\c@part=\count185
\c@chapter=\count186
\c@section=\count187
\c@subsection=\count188
\c@subsubsection=\count189
\c@paragraph=\count190
\c@subparagraph=\count191
\c@figure=\count192
\c@table=\count193
\abovecaptionskip=\skip47
\belowcaptionskip=\skip48
\bibindent=\dimen138
)
(/usr/local/texlive/2022/texmf-dist/tex/latex/base/inputenc.sty
Package: inputenc 2021/02/14 v1.3d Input encoding file
\inpenc@prehook=\toks16
\inpenc@posthook=\toks17
)
(/usr/local/texlive/2022/texmf-dist/tex/latex/base/fontenc.sty
Package: fontenc 2021/04/29 v2.0v Standard LaTeX package
)
(/usr/local/texlive/2022/texmf-dist/tex/generic/babel/babel.sty
Package: babel 2022/02/26 3.73 The Babel package
\babel@savecnt=\count194
\U@D=\dimen139
\l@unhyphenated=\language87

(/usr/local/texlive/2022/texmf-dist/tex/generic/babel/txtbabel.def)
\bbl@readstream=\read2
\bbl@dirlevel=\count195

(/usr/local/texlive/2022/texmf-dist/tex/generic/babel-english/english.ldf
Language: english 2017/06/06 v3.3r English support from the babel system
Package babel Info: Hyphen rules for 'canadian' set to \l@english
(babel)             (\language0). Reported on input line 102.
Package babel Info: Hyphen rules for 'australian' set to \l@ukenglish
(babel)             (\language21). Reported on input line 105.
Package babel Info: Hyphen rules for 'newzealand' set to \l@ukenglish
(babel)             (\language21). Reported on input line 108.
))
(/usr/local/texlive/2022/texmf-dist/tex/latex/csquotes/csquotes.sty
Package: csquotes 2021-02-22 v5.2l context-sensitive quotations (JAW)

(/usr/local/texlive/2022/texmf-dist/tex/latex/etoolbox/etoolbox.sty
Package: etoolbox 2020/10/05 v2.5k e-TeX tools for LaTeX (JAW)
\etb@tempcnta=\count196
)
(/usr/local/texlive/2022/texmf-dist/tex/latex/graphics/keyval.sty
Package: keyval 2014/10/28 v1.15 key=value parser (DPC)
\KV@toks@=\toks18
)
\csq@reset=\count197
\csq@gtype=\count198
\csq@glevel=\count199
\csq@qlevel=\count266
\csq@maxlvl=\count267
\csq@tshold=\count268
\csq@ltx@everypar=\toks19

(/usr/local/texlive/2022/texmf-dist/tex/latex/csquotes/csquotes.def
File: csquotes.def 2021-02-22 v5.2l csquotes generic definitions (JAW)
)
Package csquotes Info: Trying to load configuration file 'csquotes.cfg'...
Package csquotes Info: ... configuration file loaded successfully.

(/usr/local/texlive/2022/texmf-dist/tex/latex/csquotes/csquotes.cfg
File: csquotes.cfg 
))
(/usr/local/texlive/2022/texmf-dist/tex/latex/mathdesign/mathdesign.sty
Package: mathdesign 2013/08/29 v2.31 Math Design Project

(/usr/local/texlive/2022/texmf-dist/tex/latex/base/ifthen.sty
Package: ifthen 2020/11/24 v1.1c Standard LaTeX ifthen package (DPC)
)
(/usr/local/texlive/2022/texmf-dist/tex/latex/mathdesign/mdbch/mdbch.cfg)
(/usr/local/texlive/2022/texmf-dist/tex/latex/mathdesign/mdbch/mdbch.sty
Package: mdbch 2013/08/29 v2.31 bitstream bitstream charter + mdbch (Math Desig
n Project)

(/usr/local/texlive/2022/texmf-dist/tex/latex/mathdesign/mdfont.def
File: mdfont.def 2013/08/29 v2.31 (Math Design Project)
)
(/usr/local/texlive/2022/texmf-dist/tex/latex/mathdesign/mdsffont.def
File: mdsffont.def 2013/08/29 v2.31 (Math Design Project)


LaTeX Info: Font shape OT1/phv/mc/n has incorrect series value `mc'.
            It should not contain an `m'! Please correct it.
            Found on input line 53.


LaTeX Info: Font shape OT1/phv/mc/sc has incorrect series value `mc'.
            It should not contain an `m'! Please correct it.
            Found on input line 56.


LaTeX Info: Font shape OT1/phv/mc/sl has incorrect series value `mc'.
            It should not contain an `m'! Please correct it.
            Found on input line 59.


LaTeX Info: Font shape OT1/phv/mc/it has incorrect series value `mc'.
            It should not contain an `m'! Please correct it.
            Found on input line 79.


LaTeX Info: Font shape T1/phv/mc/n has incorrect series value `mc'.
            It should not contain an `m'! Please correct it.
            Found on input line 102.


LaTeX Info: Font shape T1/phv/mc/sc has incorrect series value `mc'.
            It should not contain an `m'! Please correct it.
            Found on input line 105.


LaTeX Info: Font shape T1/phv/mc/sl has incorrect series value `mc'.
            It should not contain an `m'! Please correct it.
            Found on input line 108.


LaTeX Info: Font shape T1/phv/mc/it has incorrect series value `mc'.
            It should not contain an `m'! Please correct it.
            Found on input line 128.


LaTeX Info: Font shape OT1/uhv/mc/n has incorrect series value `mc'.
            It should not contain an `m'! Please correct it.
            Found on input line 259.


LaTeX Info: Font shape OT1/uhv/mc/sc has incorrect series value `mc'.
            It should not contain an `m'! Please correct it.
            Found on input line 262.


LaTeX Info: Font shape OT1/uhv/mc/sl has incorrect series value `mc'.
            It should not contain an `m'! Please correct it.
            Found on input line 265.


LaTeX Info: Font shape OT1/uhv/mc/it has incorrect series value `mc'.
            It should not contain an `m'! Please correct it.
            Found on input line 268.


LaTeX Info: Font shape T1/uhv/mc/n has incorrect series value `mc'.
            It should not contain an `m'! Please correct it.
            Found on input line 313.


LaTeX Info: Font shape T1/uhv/mc/sc has incorrect series value `mc'.
            It should not contain an `m'! Please correct it.
            Found on input line 316.


LaTeX Info: Font shape T1/uhv/mc/sl has incorrect series value `mc'.
            It should not contain an `m'! Please correct it.
            Found on input line 319.


LaTeX Info: Font shape T1/uhv/mc/it has incorrect series value `mc'.
            It should not contain an `m'! Please correct it.
            Found on input line 322.

) (/usr/local/texlive/2022/texmf-dist/tex/latex/mathdesign/mdttfont.def
File: mdttfont.def 2013/08/29 v2.31 (Math Design Project)
)
\symmdcal=\mathgroup4
LaTeX Font Info:    Overwriting symbol font `mdcal' in version `bold'
(Font)                  OMS/mdbch/m/n --> OMS/mdbch/b/n on input line 97.
\symmdscr=\mathgroup5
LaTeX Font Info:    Overwriting symbol font `mdscr' in version `bold'
(Font)                  OMS/mdbch/m/n --> OMS/mdbch/b/n on input line 103.
LaTeX Font Info:    Overwriting math alphabet `\mathfrak' in version `bold'
(Font)                  U/xmdeuf/m/n --> U/xmdeuf/b/n on input line 110.
LaTeX Font Info:    Overwriting symbol font `operators' in version `normal'
(Font)                  OT1/cmr/m/n --> OT1/mdbch/m/n on input line 121.
LaTeX Font Info:    Overwriting symbol font `letters' in version `normal'
(Font)                  OML/cmm/m/it --> OML/mdbch/m/it on input line 122.
LaTeX Font Info:    Overwriting symbol font `symbols' in version `normal'
(Font)                  OMS/cmsy/m/n --> OMS/mdbch/m/n on input line 123.
LaTeX Font Info:    Overwriting symbol font `largesymbols' in version `normal'
(Font)                  OMX/cmex/m/n --> OMX/mdbch/m/n on input line 124.
LaTeX Font Info:    Overwriting symbol font `operators' in version `bold'
(Font)                  OT1/cmr/bx/n --> OT1/mdbch/b/n on input line 126.
LaTeX Font Info:    Overwriting symbol font `letters' in version `bold'
(Font)                  OML/cmm/b/it --> OML/mdbch/b/it on input line 127.
LaTeX Font Info:    Overwriting symbol font `symbols' in version `bold'
(Font)                  OMS/cmsy/b/n --> OMS/mdbch/b/n on input line 128.
LaTeX Font Info:    Overwriting symbol font `largesymbols' in version `bold'
(Font)                  OMX/cmex/m/n --> OMX/mdbch/b/n on input line 129.
LaTeX Font Info:    Overwriting math alphabet `\mathrm' in version `normal'
(Font)                  OT1/mdbch/m/n --> T1/mdbch/m/n on input line 131.
LaTeX Font Info:    Overwriting math alphabet `\mathbf' in version `normal'
(Font)                  OT1/cmr/bx/n --> T1/mdbch/b/n on input line 132.
LaTeX Font Info:    Overwriting math alphabet `\mathit' in version `normal'
(Font)                  OT1/cmr/m/it --> T1/mdbch/m/it on input line 133.
LaTeX Font Info:    Overwriting math alphabet `\mathsf' in version `normal'
(Font)                  OT1/cmss/m/n --> T1/cmss/m/n on input line 134.
LaTeX Font Info:    Overwriting math alphabet `\mathtt' in version `normal'
(Font)                  OT1/cmtt/m/n --> T1/cmtt/m/n on input line 135.
LaTeX Font Info:    Overwriting math alphabet `\mathrm' in version `bold'
(Font)                  OT1/mdbch/b/n --> T1/mdbch/b/n on input line 137.
LaTeX Font Info:    Overwriting math alphabet `\mathbf' in version `bold'
(Font)                  OT1/cmr/bx/n --> T1/mdbch/b/n on input line 138.
LaTeX Font Info:    Overwriting math alphabet `\mathit' in version `bold'
(Font)                  OT1/cmr/bx/it --> T1/mdbch/b/it on input line 139.
LaTeX Font Info:    Overwriting math alphabet `\mathsf' in version `bold'
(Font)                  OT1/cmss/bx/n --> T1/cmss/b/n on input line 140.
LaTeX Font Info:    Overwriting math alphabet `\mathtt' in version `bold'
(Font)                  OT1/cmtt/m/n --> T1/cmtt/b/n on input line 141.
\symlettersupright=\mathgroup6
LaTeX Font Info:    Overwriting symbol font `lettersupright' in version `bold'
(Font)                  OML/mdbch/m/n --> OML/mdbch/b/n on input line 144.
LaTeX Font Info:    Redeclaring math alphabet \mathrm on input line 145.
LaTeX Font Info:    Overwriting math alphabet `\mathcal' in version `normal'
(Font)                  OMS/mdbch/m/n --> OMS/mdbch/m/n on input line 167.

(/usr/local/texlive/2022/texmf-dist/tex/latex/xkeyval/xkeyval.sty
Package: xkeyval 2020/11/20 v2.8 package option processing (HA)

(/usr/local/texlive/2022/texmf-dist/tex/generic/xkeyval/xkeyval.tex
(/usr/local/texlive/2022/texmf-dist/tex/generic/xkeyval/xkvutils.tex
\XKV@toks=\toks20
\XKV@tempa@toks=\toks21
)
\XKV@depth=\count269
File: xkeyval.tex 2014/12/03 v2.7a key=value parser (HA)
))
LaTeX Font Info:    Trying to load font information for T1+mdbch on input line 
186.

(/usr/local/texlive/2022/texmf-dist/tex/latex/mathdesign/mdbch/t1mdbch.fd
File: t1mdbch.fd 2013/08/29 Fontinst v1.933 font definitions for T1/mdbch.
)
LaTeX Font Info:    Font shape `T1/mdbch/m/n' will be
(Font)              scaled to size 10.51207pt on input line 186.
LaTeX Font Info:    Redeclaring math accent \widetilde on input line 449.
LaTeX Font Info:    Redeclaring math accent \widehat on input line 450.
Now handling font encoding MDA ...
... no UTF-8 mapping file for font encoding MDA
\symmathdesignA=\mathgroup7
LaTeX Font Info:    Overwriting symbol font `mathdesignA' in version `bold'
(Font)                  MDA/mdbch/m/n --> MDA/mdbch/b/n on input line 491.
Now handling font encoding MDB ...
... no UTF-8 mapping file for font encoding MDB
\symmathdesignB=\mathgroup8
LaTeX Font Info:    Overwriting symbol font `mathdesignB' in version `bold'
(Font)                  MDB/mdbch/m/n --> MDB/mdbch/b/n on input line 498.
\@emptytoks=\toks22
LaTeX Font Info:    Redeclaring math accent \widetilde on input line 532.
LaTeX Font Info:    Redeclaring math accent \widehat on input line 533.
\rulethickness=\skip49
)
(/usr/local/texlive/2022/texmf-dist/tex/latex/base/fontenc.sty
Package: fontenc 2021/04/29 v2.0v Standard LaTeX package
))
(/usr/local/texlive/2022/texmf-dist/tex/latex/amsmath/amsmath.sty
Package: amsmath 2021/10/15 v2.17l AMS math features
\@mathmargin=\skip50

For additional information on amsmath, use the `?' option.
(/usr/local/texlive/2022/texmf-dist/tex/latex/amsmath/amstext.sty
Package: amstext 2021/08/26 v2.01 AMS text

(/usr/local/texlive/2022/texmf-dist/tex/latex/amsmath/amsgen.sty
File: amsgen.sty 1999/11/30 v2.0 generic functions
\@emptytoks=\toks23
\ex@=\dimen140
))
(/usr/local/texlive/2022/texmf-dist/tex/latex/amsmath/amsbsy.sty
Package: amsbsy 1999/11/29 v1.2d Bold Symbols
\pmbraise@=\dimen141
)
(/usr/local/texlive/2022/texmf-dist/tex/latex/amsmath/amsopn.sty
Package: amsopn 2021/08/26 v2.02 operator names
)
\inf@bad=\count270
LaTeX Info: Redefining \frac on input line 234.
\uproot@=\count271
\leftroot@=\count272
LaTeX Info: Redefining \overline on input line 399.
\classnum@=\count273
\DOTSCASE@=\count274
LaTeX Info: Redefining \ldots on input line 496.
LaTeX Info: Redefining \dots on input line 499.
LaTeX Info: Redefining \cdots on input line 620.
\Mathstrutbox@=\box50
\strutbox@=\box51
\big@size=\dimen142
LaTeX Font Info:    Redeclaring font encoding OML on input line 743.
LaTeX Font Info:    Redeclaring font encoding OMS on input line 744.
\macc@depth=\count275
\c@MaxMatrixCols=\count276
\dotsspace@=\muskip16
\c@parentequation=\count277
\dspbrk@lvl=\count278
\tag@help=\toks24
\row@=\count279
\column@=\count280
\maxfields@=\count281
\andhelp@=\toks25
\eqnshift@=\dimen143
\alignsep@=\dimen144
\tagshift@=\dimen145
\tagwidth@=\dimen146
\totwidth@=\dimen147
\lineht@=\dimen148
\@envbody=\toks26
\multlinegap=\skip51
\multlinetaggap=\skip52
\mathdisplay@stack=\toks27
LaTeX Info: Redefining \[ on input line 2938.
LaTeX Info: Redefining \] on input line 2939.
)
(/usr/local/texlive/2022/texmf-dist/tex/latex/lipsum/lipsum.sty
(/usr/local/texlive/2022/texmf-dist/tex/latex/l3packages/l3keys2e/l3keys2e.sty
(/usr/local/texlive/2022/texmf-dist/tex/latex/l3kernel/expl3.sty
Package: expl3 2022-02-24 L3 programming layer (loader) 

(/usr/local/texlive/2022/texmf-dist/tex/latex/l3backend/l3backend-pdftex.def
File: l3backend-pdftex.def 2022-02-07 L3 backend support: PDF output (pdfTeX)
\l__color_backend_stack_int=\count282
\l__pdf_internal_box=\box52
))
Package: l3keys2e 2022-01-12 LaTeX2e option processing using LaTeX3 keys
)
Package: lipsum 2021-09-20 v2.7 150 paragraphs of Lorem Ipsum dummy text
\g__lipsum_par_int=\count283
\l__lipsum_a_int=\count284
\l__lipsum_b_int=\count285
(/usr/local/texlive/2022/texmf-dist/tex/latex/lipsum/lipsum.ltd.tex))
(/usr/local/texlive/2022/texmf-dist/tex/latex/amscls/amsthm.sty
Package: amsthm 2020/05/29 v2.20.6
\thm@style=\toks28
\thm@bodyfont=\toks29
\thm@headfont=\toks30
\thm@notefont=\toks31
\thm@headpunct=\toks32
\thm@preskip=\skip53
\thm@postskip=\skip54
\thm@headsep=\skip55
\dth@everypar=\toks33
)
(/usr/local/texlive/2022/texmf-dist/tex/latex/mathtools/mathtools.sty
Package: mathtools 2022/02/07 v1.28a mathematical typesetting tools

(/usr/local/texlive/2022/texmf-dist/tex/latex/tools/calc.sty
Package: calc 2017/05/25 v4.3 Infix arithmetic (KKT,FJ)
\calc@Acount=\count286
\calc@Bcount=\count287
\calc@Adimen=\dimen149
\calc@Bdimen=\dimen150
\calc@Askip=\skip56
\calc@Bskip=\skip57
LaTeX Info: Redefining \setlength on input line 80.
LaTeX Info: Redefining \addtolength on input line 81.
\calc@Ccount=\count288
\calc@Cskip=\skip58
)
(/usr/local/texlive/2022/texmf-dist/tex/latex/mathtools/mhsetup.sty
Package: mhsetup 2021/03/18 v1.4 programming setup (MH)
)
\g_MT_multlinerow_int=\count289
\l_MT_multwidth_dim=\dimen151
\origjot=\skip59
\l_MT_shortvdotswithinadjustabove_dim=\dimen152
\l_MT_shortvdotswithinadjustbelow_dim=\dimen153
\l_MT_above_intertext_sep=\dimen154
\l_MT_below_intertext_sep=\dimen155
\l_MT_above_shortintertext_sep=\dimen156
\l_MT_below_shortintertext_sep=\dimen157
\xmathstrut@box=\box53
\xmathstrut@dim=\dimen158
)
(/usr/local/texlive/2022/texmf-dist/tex/latex/physics/physics.sty
Package: physics 

(/usr/local/texlive/2022/texmf-dist/tex/latex/l3packages/xparse/xparse.sty
Package: xparse 2022-01-12 L3 Experimental document command parser
))
(/usr/local/texlive/2022/texmf-dist/tex/latex/graphics/graphicx.sty
Package: graphicx 2021/09/16 v1.2d Enhanced LaTeX Graphics (DPC,SPQR)

(/usr/local/texlive/2022/texmf-dist/tex/latex/graphics/graphics.sty
Package: graphics 2021/03/04 v1.4d Standard LaTeX Graphics (DPC,SPQR)

(/usr/local/texlive/2022/texmf-dist/tex/latex/graphics/trig.sty
Package: trig 2021/08/11 v1.11 sin cos tan (DPC)
)
(/usr/local/texlive/2022/texmf-dist/tex/latex/graphics-cfg/graphics.cfg
File: graphics.cfg 2016/06/04 v1.11 sample graphics configuration
)
Package graphics Info: Driver file: pdftex.def on input line 107.

(/usr/local/texlive/2022/texmf-dist/tex/latex/graphics-def/pdftex.def
File: pdftex.def 2020/10/05 v1.2a Graphics/color driver for pdftex
))
\Gin@req@height=\dimen159
\Gin@req@width=\dimen160
)
(/usr/local/texlive/2022/texmf-dist/tex/latex/enumitem/enumitem.sty
Package: enumitem 2019/06/20 v3.9 Customized lists
\labelindent=\skip60
\enit@outerparindent=\dimen161
\enit@toks=\toks34
\enit@inbox=\box54
\enit@count@id=\count290
\enitdp@description=\count291
)
(/usr/local/texlive/2022/texmf-dist/tex/latex/tikz-cd/tikz-cd.sty
Package: tikz-cd 2021/05/04 v1.0 Commutative diagrams with TikZ

(/usr/local/texlive/2022/texmf-dist/tex/latex/pgf/frontendlayer/tikz.sty
(/usr/local/texlive/2022/texmf-dist/tex/latex/pgf/basiclayer/pgf.sty
(/usr/local/texlive/2022/texmf-dist/tex/latex/pgf/utilities/pgfrcs.sty
(/usr/local/texlive/2022/texmf-dist/tex/generic/pgf/utilities/pgfutil-common.te
x
\pgfutil@everybye=\toks35
\pgfutil@tempdima=\dimen162
\pgfutil@tempdimb=\dimen163

(/usr/local/texlive/2022/texmf-dist/tex/generic/pgf/utilities/pgfutil-common-li
sts.tex))
(/usr/local/texlive/2022/texmf-dist/tex/generic/pgf/utilities/pgfutil-latex.def
\pgfutil@abb=\box55
) (/usr/local/texlive/2022/texmf-dist/tex/generic/pgf/utilities/pgfrcs.code.tex
(/usr/local/texlive/2022/texmf-dist/tex/generic/pgf/pgf.revision.tex)
Package: pgfrcs 2021/05/15 v3.1.9a (3.1.9a)
))
Package: pgf 2021/05/15 v3.1.9a (3.1.9a)

(/usr/local/texlive/2022/texmf-dist/tex/latex/pgf/basiclayer/pgfcore.sty
(/usr/local/texlive/2022/texmf-dist/tex/latex/pgf/systemlayer/pgfsys.sty
(/usr/local/texlive/2022/texmf-dist/tex/generic/pgf/systemlayer/pgfsys.code.tex
Package: pgfsys 2021/05/15 v3.1.9a (3.1.9a)
(/usr/local/texlive/2022/texmf-dist/tex/generic/pgf/utilities/pgfkeys.code.tex
\pgfkeys@pathtoks=\toks36
\pgfkeys@temptoks=\toks37

(/usr/local/texlive/2022/texmf-dist/tex/generic/pgf/utilities/pgfkeysfiltered.c
ode.tex
\pgfkeys@tmptoks=\toks38
))
\pgf@x=\dimen164
\pgf@y=\dimen165
\pgf@xa=\dimen166
\pgf@ya=\dimen167
\pgf@xb=\dimen168
\pgf@yb=\dimen169
\pgf@xc=\dimen170
\pgf@yc=\dimen171
\pgf@xd=\dimen172
\pgf@yd=\dimen173
\w@pgf@writea=\write3
\r@pgf@reada=\read3
\c@pgf@counta=\count292
\c@pgf@countb=\count293
\c@pgf@countc=\count294
\c@pgf@countd=\count295
\t@pgf@toka=\toks39
\t@pgf@tokb=\toks40
\t@pgf@tokc=\toks41
\pgf@sys@id@count=\count296

(/usr/local/texlive/2022/texmf-dist/tex/generic/pgf/systemlayer/pgf.cfg
File: pgf.cfg 2021/05/15 v3.1.9a (3.1.9a)
)
Driver file for pgf: pgfsys-pdftex.def

(/usr/local/texlive/2022/texmf-dist/tex/generic/pgf/systemlayer/pgfsys-pdftex.d
ef
File: pgfsys-pdftex.def 2021/05/15 v3.1.9a (3.1.9a)

(/usr/local/texlive/2022/texmf-dist/tex/generic/pgf/systemlayer/pgfsys-common-p
df.def
File: pgfsys-common-pdf.def 2021/05/15 v3.1.9a (3.1.9a)
)))
(/usr/local/texlive/2022/texmf-dist/tex/generic/pgf/systemlayer/pgfsyssoftpath.
code.tex
File: pgfsyssoftpath.code.tex 2021/05/15 v3.1.9a (3.1.9a)
\pgfsyssoftpath@smallbuffer@items=\count297
\pgfsyssoftpath@bigbuffer@items=\count298
)
(/usr/local/texlive/2022/texmf-dist/tex/generic/pgf/systemlayer/pgfsysprotocol.
code.tex
File: pgfsysprotocol.code.tex 2021/05/15 v3.1.9a (3.1.9a)
)) (/usr/local/texlive/2022/texmf-dist/tex/latex/xcolor/xcolor.sty
Package: xcolor 2021/10/31 v2.13 LaTeX color extensions (UK)

(/usr/local/texlive/2022/texmf-dist/tex/latex/graphics-cfg/color.cfg
File: color.cfg 2016/01/02 v1.6 sample color configuration
)
Package xcolor Info: Driver file: pdftex.def on input line 227.
Package xcolor Info: Model `cmy' substituted by `cmy0' on input line 1352.
Package xcolor Info: Model `hsb' substituted by `rgb' on input line 1356.
Package xcolor Info: Model `RGB' extended on input line 1368.
Package xcolor Info: Model `HTML' substituted by `rgb' on input line 1370.
Package xcolor Info: Model `Hsb' substituted by `hsb' on input line 1371.
Package xcolor Info: Model `tHsb' substituted by `hsb' on input line 1372.
Package xcolor Info: Model `HSB' substituted by `hsb' on input line 1373.
Package xcolor Info: Model `Gray' substituted by `gray' on input line 1374.
Package xcolor Info: Model `wave' substituted by `hsb' on input line 1375.
)
(/usr/local/texlive/2022/texmf-dist/tex/generic/pgf/basiclayer/pgfcore.code.tex
Package: pgfcore 2021/05/15 v3.1.9a (3.1.9a)
(/usr/local/texlive/2022/texmf-dist/tex/generic/pgf/math/pgfmath.code.tex
(/usr/local/texlive/2022/texmf-dist/tex/generic/pgf/math/pgfmathcalc.code.tex
(/usr/local/texlive/2022/texmf-dist/tex/generic/pgf/math/pgfmathutil.code.tex)
(/usr/local/texlive/2022/texmf-dist/tex/generic/pgf/math/pgfmathparser.code.tex
\pgfmath@dimen=\dimen174
\pgfmath@count=\count299
\pgfmath@box=\box56
\pgfmath@toks=\toks42
\pgfmath@stack@operand=\toks43
\pgfmath@stack@operation=\toks44
)
(/usr/local/texlive/2022/texmf-dist/tex/generic/pgf/math/pgfmathfunctions.code.
tex
(/usr/local/texlive/2022/texmf-dist/tex/generic/pgf/math/pgfmathfunctions.basic
.code.tex)
(/usr/local/texlive/2022/texmf-dist/tex/generic/pgf/math/pgfmathfunctions.trigo
nometric.code.tex)
(/usr/local/texlive/2022/texmf-dist/tex/generic/pgf/math/pgfmathfunctions.rando
m.code.tex)
(/usr/local/texlive/2022/texmf-dist/tex/generic/pgf/math/pgfmathfunctions.compa
rison.code.tex)
(/usr/local/texlive/2022/texmf-dist/tex/generic/pgf/math/pgfmathfunctions.base.
code.tex)
(/usr/local/texlive/2022/texmf-dist/tex/generic/pgf/math/pgfmathfunctions.round
.code.tex)
(/usr/local/texlive/2022/texmf-dist/tex/generic/pgf/math/pgfmathfunctions.misc.
code.tex)
(/usr/local/texlive/2022/texmf-dist/tex/generic/pgf/math/pgfmathfunctions.integ
erarithmetics.code.tex)))
(/usr/local/texlive/2022/texmf-dist/tex/generic/pgf/math/pgfmathfloat.code.tex
\c@pgfmathroundto@lastzeros=\count300
)) (/usr/local/texlive/2022/texmf-dist/tex/generic/pgf/math/pgfint.code.tex)
(/usr/local/texlive/2022/texmf-dist/tex/generic/pgf/basiclayer/pgfcorepoints.co
de.tex
File: pgfcorepoints.code.tex 2021/05/15 v3.1.9a (3.1.9a)
\pgf@picminx=\dimen175
\pgf@picmaxx=\dimen176
\pgf@picminy=\dimen177
\pgf@picmaxy=\dimen178
\pgf@pathminx=\dimen179
\pgf@pathmaxx=\dimen180
\pgf@pathminy=\dimen181
\pgf@pathmaxy=\dimen182
\pgf@xx=\dimen183
\pgf@xy=\dimen184
\pgf@yx=\dimen185
\pgf@yy=\dimen186
\pgf@zx=\dimen187
\pgf@zy=\dimen188
)
(/usr/local/texlive/2022/texmf-dist/tex/generic/pgf/basiclayer/pgfcorepathconst
ruct.code.tex
File: pgfcorepathconstruct.code.tex 2021/05/15 v3.1.9a (3.1.9a)
\pgf@path@lastx=\dimen189
\pgf@path@lasty=\dimen190
)
(/usr/local/texlive/2022/texmf-dist/tex/generic/pgf/basiclayer/pgfcorepathusage
.code.tex
File: pgfcorepathusage.code.tex 2021/05/15 v3.1.9a (3.1.9a)
\pgf@shorten@end@additional=\dimen191
\pgf@shorten@start@additional=\dimen192
)
(/usr/local/texlive/2022/texmf-dist/tex/generic/pgf/basiclayer/pgfcorescopes.co
de.tex
File: pgfcorescopes.code.tex 2021/05/15 v3.1.9a (3.1.9a)
\pgfpic=\box57
\pgf@hbox=\box58
\pgf@layerbox@main=\box59
\pgf@picture@serial@count=\count301
)
(/usr/local/texlive/2022/texmf-dist/tex/generic/pgf/basiclayer/pgfcoregraphicst
ate.code.tex
File: pgfcoregraphicstate.code.tex 2021/05/15 v3.1.9a (3.1.9a)
\pgflinewidth=\dimen193
)
(/usr/local/texlive/2022/texmf-dist/tex/generic/pgf/basiclayer/pgfcoretransform
ations.code.tex
File: pgfcoretransformations.code.tex 2021/05/15 v3.1.9a (3.1.9a)
\pgf@pt@x=\dimen194
\pgf@pt@y=\dimen195
\pgf@pt@temp=\dimen196
)
(/usr/local/texlive/2022/texmf-dist/tex/generic/pgf/basiclayer/pgfcorequick.cod
e.tex
File: pgfcorequick.code.tex 2021/05/15 v3.1.9a (3.1.9a)
)
(/usr/local/texlive/2022/texmf-dist/tex/generic/pgf/basiclayer/pgfcoreobjects.c
ode.tex
File: pgfcoreobjects.code.tex 2021/05/15 v3.1.9a (3.1.9a)
)
(/usr/local/texlive/2022/texmf-dist/tex/generic/pgf/basiclayer/pgfcorepathproce
ssing.code.tex
File: pgfcorepathprocessing.code.tex 2021/05/15 v3.1.9a (3.1.9a)
)
(/usr/local/texlive/2022/texmf-dist/tex/generic/pgf/basiclayer/pgfcorearrows.co
de.tex
File: pgfcorearrows.code.tex 2021/05/15 v3.1.9a (3.1.9a)
\pgfarrowsep=\dimen197
)
(/usr/local/texlive/2022/texmf-dist/tex/generic/pgf/basiclayer/pgfcoreshade.cod
e.tex
File: pgfcoreshade.code.tex 2021/05/15 v3.1.9a (3.1.9a)
\pgf@max=\dimen198
\pgf@sys@shading@range@num=\count302
\pgf@shadingcount=\count303
)
(/usr/local/texlive/2022/texmf-dist/tex/generic/pgf/basiclayer/pgfcoreimage.cod
e.tex
File: pgfcoreimage.code.tex 2021/05/15 v3.1.9a (3.1.9a)

(/usr/local/texlive/2022/texmf-dist/tex/generic/pgf/basiclayer/pgfcoreexternal.
code.tex
File: pgfcoreexternal.code.tex 2021/05/15 v3.1.9a (3.1.9a)
\pgfexternal@startupbox=\box60
))
(/usr/local/texlive/2022/texmf-dist/tex/generic/pgf/basiclayer/pgfcorelayers.co
de.tex
File: pgfcorelayers.code.tex 2021/05/15 v3.1.9a (3.1.9a)
)
(/usr/local/texlive/2022/texmf-dist/tex/generic/pgf/basiclayer/pgfcoretranspare
ncy.code.tex
File: pgfcoretransparency.code.tex 2021/05/15 v3.1.9a (3.1.9a)
)
(/usr/local/texlive/2022/texmf-dist/tex/generic/pgf/basiclayer/pgfcorepatterns.
code.tex
File: pgfcorepatterns.code.tex 2021/05/15 v3.1.9a (3.1.9a)
)
(/usr/local/texlive/2022/texmf-dist/tex/generic/pgf/basiclayer/pgfcorerdf.code.
tex
File: pgfcorerdf.code.tex 2021/05/15 v3.1.9a (3.1.9a)
)))
(/usr/local/texlive/2022/texmf-dist/tex/generic/pgf/modules/pgfmoduleshapes.cod
e.tex
File: pgfmoduleshapes.code.tex 2021/05/15 v3.1.9a (3.1.9a)
\pgfnodeparttextbox=\box61
)
(/usr/local/texlive/2022/texmf-dist/tex/generic/pgf/modules/pgfmoduleplot.code.
tex
File: pgfmoduleplot.code.tex 2021/05/15 v3.1.9a (3.1.9a)
)
(/usr/local/texlive/2022/texmf-dist/tex/latex/pgf/compatibility/pgfcomp-version
-0-65.sty
Package: pgfcomp-version-0-65 2021/05/15 v3.1.9a (3.1.9a)
\pgf@nodesepstart=\dimen199
\pgf@nodesepend=\dimen256
)
(/usr/local/texlive/2022/texmf-dist/tex/latex/pgf/compatibility/pgfcomp-version
-1-18.sty
Package: pgfcomp-version-1-18 2021/05/15 v3.1.9a (3.1.9a)
))
(/usr/local/texlive/2022/texmf-dist/tex/latex/pgf/utilities/pgffor.sty
(/usr/local/texlive/2022/texmf-dist/tex/latex/pgf/utilities/pgfkeys.sty
(/usr/local/texlive/2022/texmf-dist/tex/generic/pgf/utilities/pgfkeys.code.tex)
) (/usr/local/texlive/2022/texmf-dist/tex/latex/pgf/math/pgfmath.sty
(/usr/local/texlive/2022/texmf-dist/tex/generic/pgf/math/pgfmath.code.tex))
(/usr/local/texlive/2022/texmf-dist/tex/generic/pgf/utilities/pgffor.code.tex
Package: pgffor 2021/05/15 v3.1.9a (3.1.9a)

(/usr/local/texlive/2022/texmf-dist/tex/generic/pgf/math/pgfmath.code.tex)
\pgffor@iter=\dimen257
\pgffor@skip=\dimen258
\pgffor@stack=\toks45
\pgffor@toks=\toks46
))
(/usr/local/texlive/2022/texmf-dist/tex/generic/pgf/frontendlayer/tikz/tikz.cod
e.tex
Package: tikz 2021/05/15 v3.1.9a (3.1.9a)

(/usr/local/texlive/2022/texmf-dist/tex/generic/pgf/libraries/pgflibraryplothan
dlers.code.tex
File: pgflibraryplothandlers.code.tex 2021/05/15 v3.1.9a (3.1.9a)
\pgf@plot@mark@count=\count304
\pgfplotmarksize=\dimen259
)
\tikz@lastx=\dimen260
\tikz@lasty=\dimen261
\tikz@lastxsaved=\dimen262
\tikz@lastysaved=\dimen263
\tikz@lastmovetox=\dimen264
\tikz@lastmovetoy=\dimen265
\tikzleveldistance=\dimen266
\tikzsiblingdistance=\dimen267
\tikz@figbox=\box62
\tikz@figbox@bg=\box63
\tikz@tempbox=\box64
\tikz@tempbox@bg=\box65
\tikztreelevel=\count305
\tikznumberofchildren=\count306
\tikznumberofcurrentchild=\count307
\tikz@fig@count=\count308

(/usr/local/texlive/2022/texmf-dist/tex/generic/pgf/modules/pgfmodulematrix.cod
e.tex
File: pgfmodulematrix.code.tex 2021/05/15 v3.1.9a (3.1.9a)
\pgfmatrixcurrentrow=\count309
\pgfmatrixcurrentcolumn=\count310
\pgf@matrix@numberofcolumns=\count311
)
\tikz@expandcount=\count312

(/usr/local/texlive/2022/texmf-dist/tex/generic/pgf/frontendlayer/tikz/librarie
s/tikzlibrarytopaths.code.tex
File: tikzlibrarytopaths.code.tex 2021/05/15 v3.1.9a (3.1.9a)
)))
(/usr/local/texlive/2022/texmf-dist/tex/generic/tikz-cd/tikzlibrarycd.code.tex
(/usr/local/texlive/2022/texmf-dist/tex/generic/pgf/frontendlayer/tikz/librarie
s/tikzlibrarymatrix.code.tex
File: tikzlibrarymatrix.code.tex 2021/05/15 v3.1.9a (3.1.9a)
)
(/usr/local/texlive/2022/texmf-dist/tex/generic/pgf/frontendlayer/tikz/librarie
s/tikzlibraryquotes.code.tex
File: tikzlibraryquotes.code.tex 2021/05/15 v3.1.9a (3.1.9a)
)
(/usr/local/texlive/2022/texmf-dist/tex/generic/pgf/libraries/pgflibraryarrows.
meta.code.tex
File: pgflibraryarrows.meta.code.tex 2021/05/15 v3.1.9a (3.1.9a)
\pgfarrowinset=\dimen268
\pgfarrowlength=\dimen269
\pgfarrowwidth=\dimen270
\pgfarrowlinewidth=\dimen271
)))
(/usr/local/texlive/2022/texmf-dist/tex/latex/geometry/geometry.sty
Package: geometry 2020/01/02 v5.9 Page Geometry

(/usr/local/texlive/2022/texmf-dist/tex/generic/iftex/ifvtex.sty
Package: ifvtex 2019/10/25 v1.7 ifvtex legacy package. Use iftex instead.

(/usr/local/texlive/2022/texmf-dist/tex/generic/iftex/iftex.sty
Package: iftex 2022/02/03 v1.0f TeX engine tests
))
\Gm@cnth=\count313
\Gm@cntv=\count314
\c@Gm@tempcnt=\count315
\Gm@bindingoffset=\dimen272
\Gm@wd@mp=\dimen273
\Gm@odd@mp=\dimen274
\Gm@even@mp=\dimen275
\Gm@layoutwidth=\dimen276
\Gm@layoutheight=\dimen277
\Gm@layouthoffset=\dimen278
\Gm@layoutvoffset=\dimen279
\Gm@dimlist=\toks47
)
(/usr/local/texlive/2022/texmf-dist/tex/latex/fancyhdr/fancyhdr.sty
Package: fancyhdr 2021/01/28 v4.0.1 Extensive control of page headers and foote
rs
\f@nch@headwidth=\skip61
\f@nch@O@elh=\skip62
\f@nch@O@erh=\skip63
\f@nch@O@olh=\skip64
\f@nch@O@orh=\skip65
\f@nch@O@elf=\skip66
\f@nch@O@erf=\skip67
\f@nch@O@olf=\skip68
\f@nch@O@orf=\skip69
)
(/usr/local/texlive/2022/texmf-dist/tex/latex/biblatex/biblatex.sty
Package: biblatex 2022/02/02 v3.17 programmable bibliographies (PK/MW)

(/usr/local/texlive/2022/texmf-dist/tex/generic/pdftexcmds/pdftexcmds.sty
Package: pdftexcmds 2020-06-27 v0.33 Utility functions of pdfTeX for LuaTeX (HO
)

(/usr/local/texlive/2022/texmf-dist/tex/generic/infwarerr/infwarerr.sty
Package: infwarerr 2019/12/03 v1.5 Providing info/warning/error messages (HO)
)
(/usr/local/texlive/2022/texmf-dist/tex/generic/ltxcmds/ltxcmds.sty
Package: ltxcmds 2020-05-10 v1.25 LaTeX kernel commands for general use (HO)
)
Package pdftexcmds Info: \pdf@primitive is available.
Package pdftexcmds Info: \pdf@ifprimitive is available.
Package pdftexcmds Info: \pdfdraftmode found.
)
(/usr/local/texlive/2022/texmf-dist/tex/latex/kvoptions/kvoptions.sty
Package: kvoptions 2020-10-07 v3.14 Key value format for package options (HO)

(/usr/local/texlive/2022/texmf-dist/tex/generic/kvsetkeys/kvsetkeys.sty
Package: kvsetkeys 2019/12/15 v1.18 Key value parser (HO)
))
(/usr/local/texlive/2022/texmf-dist/tex/latex/logreq/logreq.sty
Package: logreq 2010/08/04 v1.0 xml request logger
\lrq@indent=\count316

(/usr/local/texlive/2022/texmf-dist/tex/latex/logreq/logreq.def
File: logreq.def 2010/08/04 v1.0 logreq spec v1.0
))
(/usr/local/texlive/2022/texmf-dist/tex/latex/url/url.sty
\Urlmuskip=\muskip17
Package: url 2013/09/16  ver 3.4  Verb mode for urls, etc.
)
\c@tabx@nest=\count317
\c@listtotal=\count318
\c@listcount=\count319
\c@liststart=\count320
\c@liststop=\count321
\c@citecount=\count322
\c@citetotal=\count323
\c@multicitecount=\count324
\c@multicitetotal=\count325
\c@instcount=\count326
\c@maxnames=\count327
\c@minnames=\count328
\c@maxitems=\count329
\c@minitems=\count330
\c@citecounter=\count331
\c@maxcitecounter=\count332
\c@savedcitecounter=\count333
\c@uniquelist=\count334
\c@uniquename=\count335
\c@refsection=\count336
\c@refsegment=\count337
\c@maxextratitle=\count338
\c@maxextratitleyear=\count339
\c@maxextraname=\count340
\c@maxextradate=\count341
\c@maxextraalpha=\count342
\c@abbrvpenalty=\count343
\c@highnamepenalty=\count344
\c@lownamepenalty=\count345
\c@maxparens=\count346
\c@parenlevel=\count347
\blx@tempcnta=\count348
\blx@tempcntb=\count349
\blx@tempcntc=\count350
\c@blx@maxsection=\count351
\c@blx@maxsegment@0=\count352
\blx@notetype=\count353
\blx@parenlevel@text=\count354
\blx@parenlevel@foot=\count355
\c@blx@sectionciteorder@0=\count356
\blx@entrysetcounter=\count357
\blx@biblioinstance=\count358
\labelnumberwidth=\skip70
\labelalphawidth=\skip71
\biblabelsep=\skip72
\bibitemsep=\skip73
\bibnamesep=\skip74
\bibinitsep=\skip75
\bibparsep=\skip76
\bibhang=\skip77
\blx@bcfin=\read4
\blx@bcfout=\write4
\blx@langwohyphens=\language88
\c@mincomprange=\count359
\c@maxcomprange=\count360
\c@mincompwidth=\count361
Package biblatex Info: Trying to load biblatex default data model...
Package biblatex Info: ... file 'blx-dm.def' found.

(/usr/local/texlive/2022/texmf-dist/tex/latex/biblatex/blx-dm.def
File: blx-dm.def 2022/02/02 v3.17 biblatex localization (PK/MW)
)
Package biblatex Info: Trying to load biblatex style data model...
Package biblatex Info: ... file 'numeric.dbx' not found.
Package biblatex Info: Trying to load biblatex custom data model...
Package biblatex Info: ... file 'biblatex-dm.cfg' not found.
\c@afterword=\count362
\c@savedafterword=\count363
\c@annotator=\count364
\c@savedannotator=\count365
\c@author=\count366
\c@savedauthor=\count367
\c@bookauthor=\count368
\c@savedbookauthor=\count369
\c@commentator=\count370
\c@savedcommentator=\count371
\c@editor=\count372
\c@savededitor=\count373
\c@editora=\count374
\c@savededitora=\count375
\c@editorb=\count376
\c@savededitorb=\count377
\c@editorc=\count378
\c@savededitorc=\count379
\c@foreword=\count380
\c@savedforeword=\count381
\c@holder=\count382
\c@savedholder=\count383
\c@introduction=\count384
\c@savedintroduction=\count385
\c@namea=\count386
\c@savednamea=\count387
\c@nameb=\count388
\c@savednameb=\count389
\c@namec=\count390
\c@savednamec=\count391
\c@translator=\count392
\c@savedtranslator=\count393
\c@shortauthor=\count394
\c@savedshortauthor=\count395
\c@shorteditor=\count396
\c@savedshorteditor=\count397
\c@labelname=\count398
\c@savedlabelname=\count399
\c@institution=\count400
\c@savedinstitution=\count401
\c@lista=\count402
\c@savedlista=\count403
\c@listb=\count404
\c@savedlistb=\count405
\c@listc=\count406
\c@savedlistc=\count407
\c@listd=\count408
\c@savedlistd=\count409
\c@liste=\count410
\c@savedliste=\count411
\c@listf=\count412
\c@savedlistf=\count413
\c@location=\count414
\c@savedlocation=\count415
\c@organization=\count416
\c@savedorganization=\count417
\c@origlocation=\count418
\c@savedoriglocation=\count419
\c@origpublisher=\count420
\c@savedorigpublisher=\count421
\c@publisher=\count422
\c@savedpublisher=\count423
\c@language=\count424
\c@savedlanguage=\count425
\c@origlanguage=\count426
\c@savedoriglanguage=\count427
\c@pageref=\count428
\c@savedpageref=\count429
\shorthandwidth=\skip78
\shortjournalwidth=\skip79
\shortserieswidth=\skip80
\shorttitlewidth=\skip81
\shortauthorwidth=\skip82
\shorteditorwidth=\skip83
\locallabelnumberwidth=\skip84
\locallabelalphawidth=\skip85
\localshorthandwidth=\skip86
\localshortjournalwidth=\skip87
\localshortserieswidth=\skip88
\localshorttitlewidth=\skip89
\localshortauthorwidth=\skip90
\localshorteditorwidth=\skip91
Package biblatex Info: Trying to load compatibility code...
Package biblatex Info: ... file 'blx-compat.def' found.

(/usr/local/texlive/2022/texmf-dist/tex/latex/biblatex/blx-compat.def
File: blx-compat.def 2022/02/02 v3.17 biblatex compatibility (PK/MW)
)
Package biblatex Info: Trying to load generic definitions...
Package biblatex Info: ... file 'biblatex.def' found.

(/usr/local/texlive/2022/texmf-dist/tex/latex/biblatex/biblatex.def
File: biblatex.def 2022/02/02 v3.17 biblatex compatibility (PK/MW)
\c@textcitecount=\count430
\c@textcitetotal=\count431
\c@textcitemaxnames=\count432
\c@biburlbigbreakpenalty=\count433
\c@biburlbreakpenalty=\count434
\c@biburlnumpenalty=\count435
\c@biburlucpenalty=\count436
\c@biburllcpenalty=\count437
\biburlbigskip=\muskip18
\biburlnumskip=\muskip19
\biburlucskip=\muskip20
\biburllcskip=\muskip21
\c@smartand=\count438
)
Package biblatex Info: Trying to load bibliography style 'numeric'...
Package biblatex Info: ... file 'numeric.bbx' found.

(/usr/local/texlive/2022/texmf-dist/tex/latex/biblatex/bbx/numeric.bbx
File: numeric.bbx 2022/02/02 v3.17 biblatex bibliography style (PK/MW)
Package biblatex Info: Trying to load bibliography style 'standard'...
Package biblatex Info: ... file 'standard.bbx' found.

(/usr/local/texlive/2022/texmf-dist/tex/latex/biblatex/bbx/standard.bbx
File: standard.bbx 2022/02/02 v3.17 biblatex bibliography style (PK/MW)
\c@bbx:relatedcount=\count439
\c@bbx:relatedtotal=\count440
))
Package biblatex Info: Trying to load citation style 'numeric'...
Package biblatex Info: ... file 'numeric.cbx' found.

(/usr/local/texlive/2022/texmf-dist/tex/latex/biblatex/cbx/numeric.cbx
File: numeric.cbx 2022/02/02 v3.17 biblatex citation style (PK/MW)
Package biblatex Info: Redefining '\cite'.
Package biblatex Info: Redefining '\parencite'.
Package biblatex Info: Redefining '\footcite'.
Package biblatex Info: Redefining '\footcitetext'.
Package biblatex Info: Redefining '\smartcite'.
Package biblatex Info: Redefining '\supercite'.
Package biblatex Info: Redefining '\textcite'.
Package biblatex Info: Redefining '\textcites'.
Package biblatex Info: Redefining '\cites'.
Package biblatex Info: Redefining '\parencites'.
Package biblatex Info: Redefining '\smartcites'.
)
Package biblatex Info: Trying to load configuration file...
Package biblatex Info: ... file 'biblatex.cfg' found.

(/usr/local/texlive/2022/texmf-dist/tex/latex/biblatex/biblatex.cfg
File: biblatex.cfg 
)
Package biblatex Info: Input encoding 'utf8' detected.
Package biblatex Info: Document encoding is UTF8 ....
Package biblatex Info: ... and expl3
(biblatex)             2022-02-24 L3 programming layer (loader) 
(biblatex)             is new enough (at least 2020/04/06),
(biblatex)             setting 'casechanger=expl3'.

(/usr/local/texlive/2022/texmf-dist/tex/latex/biblatex/blx-case-expl3.sty
Package: blx-case-expl3 2022/02/02 v3.17 expl3 case changing code for biblatex
))
(/usr/local/texlive/2022/texmf-dist/tex/latex/hyperref/hyperref.sty
Package: hyperref 2022-02-21 v7.00n Hypertext links for LaTeX

(/usr/local/texlive/2022/texmf-dist/tex/generic/kvdefinekeys/kvdefinekeys.sty
Package: kvdefinekeys 2019-12-19 v1.6 Define keys (HO)
)
(/usr/local/texlive/2022/texmf-dist/tex/generic/pdfescape/pdfescape.sty
Package: pdfescape 2019/12/09 v1.15 Implements pdfTeX's escape features (HO)
)
(/usr/local/texlive/2022/texmf-dist/tex/latex/hycolor/hycolor.sty
Package: hycolor 2020-01-27 v1.10 Color options for hyperref/bookmark (HO)
)
(/usr/local/texlive/2022/texmf-dist/tex/latex/letltxmacro/letltxmacro.sty
Package: letltxmacro 2019/12/03 v1.6 Let assignment for LaTeX macros (HO)
)
(/usr/local/texlive/2022/texmf-dist/tex/latex/auxhook/auxhook.sty
Package: auxhook 2019-12-17 v1.6 Hooks for auxiliary files (HO)
)
\@linkdim=\dimen280
\Hy@linkcounter=\count441
\Hy@pagecounter=\count442

(/usr/local/texlive/2022/texmf-dist/tex/latex/hyperref/pd1enc.def
File: pd1enc.def 2022-02-21 v7.00n Hyperref: PDFDocEncoding definition (HO)
Now handling font encoding PD1 ...
... no UTF-8 mapping file for font encoding PD1
)
(/usr/local/texlive/2022/texmf-dist/tex/generic/intcalc/intcalc.sty
Package: intcalc 2019/12/15 v1.3 Expandable calculations with integers (HO)
)
(/usr/local/texlive/2022/texmf-dist/tex/generic/etexcmds/etexcmds.sty
Package: etexcmds 2019/12/15 v1.7 Avoid name clashes with e-TeX commands (HO)
)
\Hy@SavedSpaceFactor=\count443

(/usr/local/texlive/2022/texmf-dist/tex/latex/hyperref/puenc.def
File: puenc.def 2022-02-21 v7.00n Hyperref: PDF Unicode definition (HO)
Now handling font encoding PU ...
... no UTF-8 mapping file for font encoding PU
)
Package hyperref Info: Option `colorlinks' set `true' on input line 4018.
Package hyperref Info: Hyper figures OFF on input line 4137.
Package hyperref Info: Link nesting OFF on input line 4142.
Package hyperref Info: Hyper index ON on input line 4145.
Package hyperref Info: Plain pages OFF on input line 4152.
Package hyperref Info: Backreferencing OFF on input line 4157.
Package hyperref Info: Implicit mode ON; LaTeX internals redefined.
Package hyperref Info: Bookmarks ON on input line 4390.
\c@Hy@tempcnt=\count444
LaTeX Info: Redefining \url on input line 4749.
\XeTeXLinkMargin=\dimen281

(/usr/local/texlive/2022/texmf-dist/tex/generic/bitset/bitset.sty
Package: bitset 2019/12/09 v1.3 Handle bit-vector datatype (HO)

(/usr/local/texlive/2022/texmf-dist/tex/generic/bigintcalc/bigintcalc.sty
Package: bigintcalc 2019/12/15 v1.5 Expandable calculations on big integers (HO
)
))
\Fld@menulength=\count445
\Field@Width=\dimen282
\Fld@charsize=\dimen283
Package hyperref Info: Hyper figures OFF on input line 6027.
Package hyperref Info: Link nesting OFF on input line 6032.
Package hyperref Info: Hyper index ON on input line 6035.
Package hyperref Info: backreferencing OFF on input line 6042.
Package hyperref Info: Link coloring ON on input line 6045.
Package hyperref Info: Link coloring with OCG OFF on input line 6052.
Package hyperref Info: PDF/A mode OFF on input line 6057.
LaTeX Info: Redefining \ref on input line 6097.
LaTeX Info: Redefining \pageref on input line 6101.

(/usr/local/texlive/2022/texmf-dist/tex/latex/base/atbegshi-ltx.sty
Package: atbegshi-ltx 2021/01/10 v1.0c Emulation of the original atbegshi
package with kernel methods
)
\Hy@abspage=\count446
\c@Item=\count447
\c@Hfootnote=\count448
)
Package hyperref Info: Driver (autodetected): hpdftex.

(/usr/local/texlive/2022/texmf-dist/tex/latex/hyperref/hpdftex.def
File: hpdftex.def 2022-02-21 v7.00n Hyperref driver for pdfTeX

(/usr/local/texlive/2022/texmf-dist/tex/latex/base/atveryend-ltx.sty
Package: atveryend-ltx 2020/08/19 v1.0a Emulation of the original atveryend pac
kage
with kernel methods
)
\Fld@listcount=\count449
\c@bookmark@seq@number=\count450

(/usr/local/texlive/2022/texmf-dist/tex/latex/rerunfilecheck/rerunfilecheck.sty
Package: rerunfilecheck 2019/12/05 v1.9 Rerun checks for auxiliary files (HO)

(/usr/local/texlive/2022/texmf-dist/tex/generic/uniquecounter/uniquecounter.sty
Package: uniquecounter 2019/12/15 v1.4 Provide unlimited unique counter (HO)
)
Package uniquecounter Info: New unique counter `rerunfilecheck' on input line 2
86.
)
\Hy@SectionHShift=\skip92
)
\c@theorem=\count451
\c@definition=\count452
)
Package csquotes Info: Checking for multilingual support...
Package csquotes Info: ... found 'babel' package.
Package csquotes Info: Adjusting default style.
Package csquotes Info: Redefining alias 'default' -> 'english'.
 (./main.aux (./frontespizio.aux))
\openout1 = `main.aux'.

LaTeX Font Info:    Checking defaults for OML/cmm/m/it on input line 3.
LaTeX Font Info:    ... okay on input line 3.
LaTeX Font Info:    Checking defaults for OMS/cmsy/m/n on input line 3.
LaTeX Font Info:    ... okay on input line 3.
LaTeX Font Info:    Checking defaults for OT1/cmr/m/n on input line 3.
LaTeX Font Info:    ... okay on input line 3.
LaTeX Font Info:    Checking defaults for T1/cmr/m/n on input line 3.
LaTeX Font Info:    ... okay on input line 3.
LaTeX Font Info:    Checking defaults for TS1/cmr/m/n on input line 3.
LaTeX Font Info:    ... okay on input line 3.
LaTeX Font Info:    Checking defaults for OMX/cmex/m/n on input line 3.
LaTeX Font Info:    ... okay on input line 3.
LaTeX Font Info:    Checking defaults for U/cmr/m/n on input line 3.
LaTeX Font Info:    ... okay on input line 3.
LaTeX Font Info:    Checking defaults for MDA/cmr/m/n on input line 3.
LaTeX Font Info:    Trying to load font information for MDA+cmr on input line 3
.

(/usr/local/texlive/2022/texmf-dist/tex/latex/mathdesign/mdacmr.fd
File: mdacmr.fd 
)
LaTeX Font Info:    ... okay on input line 3.
LaTeX Font Info:    Checking defaults for MDB/cmr/m/n on input line 3.
LaTeX Font Info:    Trying to load font information for MDB+cmr on input line 3
.

(/usr/local/texlive/2022/texmf-dist/tex/latex/mathdesign/mdbcmr.fd
File: mdbcmr.fd 
)
LaTeX Font Info:    ... okay on input line 3.
LaTeX Font Info:    Checking defaults for PD1/pdf/m/n on input line 3.
LaTeX Font Info:    ... okay on input line 3.
LaTeX Font Info:    Checking defaults for PU/pdf/m/n on input line 3.
LaTeX Font Info:    ... okay on input line 3.

(/usr/local/texlive/2022/texmf-dist/tex/context/base/mkii/supp-pdf.mkii
[Loading MPS to PDF converter (version 2006.09.02).]
\scratchcounter=\count453
\scratchdimen=\dimen284
\scratchbox=\box66
\nofMPsegments=\count454
\nofMParguments=\count455
\everyMPshowfont=\toks48
\MPscratchCnt=\count456
\MPscratchDim=\dimen285
\MPnumerator=\count457
\makeMPintoPDFobject=\count458
\everyMPtoPDFconversion=\toks49
) (/usr/local/texlive/2022/texmf-dist/tex/latex/epstopdf-pkg/epstopdf-base.sty
Package: epstopdf-base 2020-01-24 v2.11 Base part for package epstopdf
Package epstopdf-base Info: Redefining graphics rule for `.eps' on input line 4
85.

(/usr/local/texlive/2022/texmf-dist/tex/latex/latexconfig/epstopdf-sys.cfg
File: epstopdf-sys.cfg 2010/07/13 v1.3 Configuration of (r)epstopdf for TeX Liv
e
))
*geometry* driver: auto-detecting
*geometry* detected driver: pdftex
*geometry* verbose mode - [ preamble ] result:
* driver: pdftex
* paper: a4paper
* layout: <same size as paper>
* layoutoffset:(h,v)=(0.0pt,0.0pt)
* modes: 
* h-part:(L,W,R)=(89.62709pt, 418.25368pt, 89.6271pt)
* v-part:(T,H,B)=(101.40665pt, 591.5302pt, 152.11pt)
* \paperwidth=597.50787pt
* \paperheight=845.04684pt
* \textwidth=418.25368pt
* \textheight=591.5302pt
* \oddsidemargin=17.3571pt
* \evensidemargin=17.3571pt
* \topmargin=-2.73714pt
* \headheight=12.0pt
* \headsep=19.8738pt
* \topskip=11.0pt
* \footskip=27.46295pt
* \marginparwidth=53.0pt
* \marginparsep=7.0pt
* \columnsep=10.0pt
* \skip\footins=10.0pt plus 4.0pt minus 2.0pt
* \hoffset=0.0pt
* \voffset=0.0pt
* \mag=1000
* \@twocolumnfalse
* \@twosidefalse
* \@mparswitchfalse
* \@reversemarginfalse
* (1in=72.27pt=25.4mm, 1cm=28.453pt)

Package biblatex Info: Trying to load language 'english'...
Package biblatex Info: ... file 'english.lbx' found.
(/usr/local/texlive/2022/texmf-dist/tex/latex/biblatex/lbx/english.lbx
File: english.lbx 2022/02/02 v3.17 biblatex localization (PK/MW)
)
Package biblatex Info: Input encoding 'utf8' detected.
Package biblatex Info: Automatic encoding selection.
(biblatex)             Assuming data encoding 'utf8'.
\openout4 = `main.bcf'.

Package biblatex Info: Trying to load bibliographic data...
Package biblatex Info: ... file 'main.bbl' found.

(./main.bbl)
Package biblatex Info: Reference section=0 on input line 3.
Package biblatex Info: Reference segment=0 on input line 3.
Package hyperref Info: Link coloring ON on input line 3.
 (/usr/local/texlive/2022/texmf-dist/tex/latex/hyperref/nameref.sty
Package: nameref 2021-04-02 v2.47 Cross-referencing by name of section
(/usr/local/texlive/2022/texmf-dist/tex/latex/refcount/refcount.sty
Package: refcount 2019/12/15 v3.6 Data extraction from label references (HO)
)
(/usr/local/texlive/2022/texmf-dist/tex/generic/gettitlestring/gettitlestring.s
ty
Package: gettitlestring 2019/12/15 v1.6 Cleanup title references (HO)
)
\c@section@level=\count459
)
LaTeX Info: Redefining \ref on input line 3.
LaTeX Info: Redefining \pageref on input line 3.
LaTeX Info: Redefining \nameref on input line 3.
 (./main.out) (./main.out)
\@outlinefile=\write5
\openout5 = `main.out'.

\openout2 = `frontespizio.aux'.

 (./frontespizio.tex
<unipv_logo_new.jpg, id=115, 816.651pt x 325.215pt>
File: unipv_logo_new.jpg Graphic file (type jpg)
<use unipv_logo_new.jpg>
Package pdftex.def Info: unipv_logo_new.jpg  used on input line 3.
(pdftex.def)             Requested size: 292.77629pt x 116.59099pt.
LaTeX Font Info:    Font shape `T1/mdbch/m/n' will be
(Font)              scaled to size 16.58891pt on input line 4.
LaTeX Font Info:    Font shape `T1/mdbch/m/n' will be
(Font)              scaled to size 13.82408pt on input line 6.
LaTeX Font Info:    Font shape `T1/mdbch/m/it' will be
(Font)              scaled to size 13.82408pt on input line 6.
LaTeX Font Info:    Font shape `T1/mdbch/m/n' will be
(Font)              scaled to size 19.91054pt on input line 11.
LaTeX Font Info:    Font shape `T1/mdbch/b/n' will be
(Font)              scaled to size 19.91054pt on input line 11.
LaTeX Font Info:    Font shape `T1/mdbch/m/n' will be
(Font)              scaled to size 11.52008pt on input line 16.
LaTeX Font Info:    Font shape `T1/mdbch/b/n' will be
(Font)              scaled to size 11.52008pt on input line 16.
 [1




{/usr/local/texlive/2022/texmf-var/fonts/map/pdftex/updmap/pdftex.map} <./unipv
_logo_new.jpg>])
LaTeX Font Info:    Font shape `T1/mdbch/m/n' will be
(Font)              scaled to size 23.88496pt on input line 8.
LaTeX Font Info:    Font shape `T1/mdbch/b/n' will be
(Font)              scaled to size 23.88496pt on input line 8.
LaTeX Font Info:    Font shape `T1/mdbch/b/n' will be
(Font)              scaled to size 10.51207pt on input line 10.
LaTeX Font Info:    Trying to load font information for OT1+mdbch on input line
 12.

(/usr/local/texlive/2022/texmf-dist/tex/latex/mathdesign/mdbch/ot1mdbch.fd
File: ot1mdbch.fd 2013/08/29 Fontinst v1.933 font definitions for OT1/mdbch.
)
LaTeX Font Info:    Font shape `OT1/mdbch/m/n' will be
(Font)              scaled to size 10.51207pt on input line 12.
LaTeX Font Info:    Font shape `OT1/mdbch/m/n' will be
(Font)              scaled to size 7.68005pt on input line 12.
LaTeX Font Info:    Font shape `OT1/mdbch/m/n' will be
(Font)              scaled to size 5.76004pt on input line 12.
LaTeX Font Info:    Trying to load font information for OML+mdbch on input line
 12.

(/usr/local/texlive/2022/texmf-dist/tex/latex/mathdesign/mdbch/omlmdbch.fd
File: omlmdbch.fd 2013/08/29 Fontinst v1.933 font definitions for OML/mdbch.
)
LaTeX Font Info:    Font shape `OML/mdbch/m/it' will be
(Font)              scaled to size 10.51207pt on input line 12.
LaTeX Font Info:    Font shape `OML/mdbch/m/it' will be
(Font)              scaled to size 7.68005pt on input line 12.
LaTeX Font Info:    Font shape `OML/mdbch/m/it' will be
(Font)              scaled to size 5.76004pt on input line 12.
LaTeX Font Info:    Trying to load font information for OMS+mdbch on input line
 12.

(/usr/local/texlive/2022/texmf-dist/tex/latex/mathdesign/mdbch/omsmdbch.fd
File: omsmdbch.fd 2013/08/29 Fontinst v1.933 font definitions for OMS/mdbch.
)
LaTeX Font Info:    Font shape `OMS/mdbch/m/n' will be
(Font)              scaled to size 10.51207pt on input line 12.
LaTeX Font Info:    Font shape `OMS/mdbch/m/n' will be
(Font)              scaled to size 7.68005pt on input line 12.
LaTeX Font Info:    Font shape `OMS/mdbch/m/n' will be
(Font)              scaled to size 5.76004pt on input line 12.
LaTeX Font Info:    Trying to load font information for OMX+mdbch on input line
 12.

(/usr/local/texlive/2022/texmf-dist/tex/latex/mathdesign/mdbch/omxmdbch.fd
File: omxmdbch.fd 2013/08/29 Fontinst v1.933 font definitions for OMX/mdbch.
)
LaTeX Font Info:    Font shape `OMX/mdbch/m/n' will be
(Font)              scaled to size 10.51207pt on input line 12.
LaTeX Font Info:    Font shape `OMX/mdbch/m/n' will be
(Font)              scaled to size 7.68005pt on input line 12.
LaTeX Font Info:    Font shape `OMX/mdbch/m/n' will be
(Font)              scaled to size 5.76004pt on input line 12.
LaTeX Font Info:    Font shape `OML/mdbch/m/n' will be
(Font)              scaled to size 10.51207pt on input line 12.
LaTeX Font Info:    Font shape `OML/mdbch/m/n' will be
(Font)              scaled to size 7.68005pt on input line 12.
LaTeX Font Info:    Font shape `OML/mdbch/m/n' will be
(Font)              scaled to size 5.76004pt on input line 12.
LaTeX Font Info:    Trying to load font information for MDA+mdbch on input line
 12.

(/usr/local/texlive/2022/texmf-dist/tex/latex/mathdesign/mdbch/mdamdbch.fd
File: mdamdbch.fd 2013/08/29 Fontinst v1.933 font definitions for MDA/mdbch.
)
LaTeX Font Info:    Font shape `MDA/mdbch/m/n' will be
(Font)              scaled to size 10.51207pt on input line 12.
LaTeX Font Info:    Font shape `MDA/mdbch/m/n' will be
(Font)              scaled to size 7.68005pt on input line 12.
LaTeX Font Info:    Font shape `MDA/mdbch/m/n' will be
(Font)              scaled to size 5.76004pt on input line 12.
LaTeX Font Info:    Trying to load font information for MDB+mdbch on input line
 12.

(/usr/local/texlive/2022/texmf-dist/tex/latex/mathdesign/mdbch/mdbmdbch.fd
File: mdbmdbch.fd 2013/08/29 Fontinst v1.933 font definitions for MDB/mdbch.
)
LaTeX Font Info:    Font shape `MDB/mdbch/m/n' will be
(Font)              scaled to size 10.51207pt on input line 12.
LaTeX Font Info:    Font shape `MDB/mdbch/m/n' will be
(Font)              scaled to size 7.68005pt on input line 12.
LaTeX Font Info:    Font shape `MDB/mdbch/m/n' will be
(Font)              scaled to size 5.76004pt on input line 12.

pdfTeX warning (ext4): destination with the same identifier (name{page.i}) has 
been already used, duplicate ignored
<to be read again> 
                   \relax 
l.16 \tableofcontents
                      [1



] (./main.toc)
\tf@toc=\write6
\openout6 = `main.toc'.

 [2

]
*geometry* verbose mode - [ newgeometry ] result:
* driver: pdftex
* paper: a4paper
* layout: <same size as paper>
* layoutoffset:(h,v)=(0.0pt,0.0pt)
* modes: 
* h-part:(L,W,R)=(56.9055pt, 483.69687pt, 56.9055pt)
* v-part:(T,H,B)=(56.9055pt, 731.23584pt, 56.9055pt)
* \paperwidth=597.50787pt
* \paperheight=845.04684pt
* \textwidth=483.69687pt
* \textheight=731.23584pt
* \oddsidemargin=-15.36449pt
* \evensidemargin=-15.36449pt
* \topmargin=-47.23828pt
* \headheight=12.0pt
* \headsep=19.8738pt
* \topskip=11.0pt
* \footskip=27.46295pt
* \marginparwidth=53.0pt
* \marginparsep=7.0pt
* \columnsep=10.0pt
* \skip\footins=10.0pt plus 4.0pt minus 2.0pt
* \hoffset=0.0pt
* \voffset=0.0pt
* \mag=1000
* \@twocolumnfalse
* \@twosidefalse
* \@mparswitchfalse
* \@reversemarginfalse
* (1in=72.27pt=25.4mm, 1cm=28.453pt)

 (./incipit.tex
LaTeX Font Info:    Font shape `T1/mdbch/m/n' will be
(Font)              scaled to size 7.68005pt on input line 13.
LaTeX Font Info:    Font shape `T1/mdbch/m/n' will be
(Font)              scaled to size 5.76004pt on input line 13.
 [1



]
LaTeX Font Info:    Font shape `U/xmdeuf/m/n' will be
(Font)              scaled to size 10.5886pt on input line 28.
LaTeX Font Info:    Font shape `U/xmdeuf/m/n' will be
(Font)              scaled to size 7.73596pt on input line 28.
LaTeX Font Info:    Font shape `U/xmdeuf/m/n' will be
(Font)              scaled to size 5.80197pt on input line 28.
)
LaTeX Font Info:    Font shape `T1/mdbch/m/sl' will be
(Font)              scaled to size 10.51207pt on input line 29.


Package fancyhdr Warning: \headheight is too small (12.0pt): 
(fancyhdr)                Make it at least 13.59999pt, for example:
(fancyhdr)                \setlength{\headheight}{13.59999pt}.
(fancyhdr)                You might also make \topmargin smaller to compensate:

(fancyhdr)                \addtolength{\topmargin}{-1.59999pt}.

[2
design size mismatch in local font md-chro8t in virtual font mdbchro8t.vf ignor
ed.]

Package fancyhdr Warning: \headheight is too small (12.0pt): 
(fancyhdr)                Make it at least 13.59999pt, for example:
(fancyhdr)                \setlength{\headheight}{13.59999pt}.
(fancyhdr)                You might also make \topmargin smaller to compensate:

(fancyhdr)                \addtolength{\topmargin}{-1.59999pt}.

[3]
Chapter 1.
(./bozza.tex
LaTeX Font Info:    Font shape `T1/mdbch/b/n' will be
(Font)              scaled to size 13.82408pt on input line 4.

Overfull \hbox (1.46588pt too wide) in paragraph at lines 6--7
\T1/mdbch/m/n/10.95 The ge-o-met-ric for-mu-la-tion of clas-si-cal me-chan-ics 
re-places the tra-di-tional Eu-clidean space with a coordinate-
 []

LaTeX Font Info:    Font shape `T1/mdbch/m/it' will be
(Font)              scaled to size 10.51207pt on input line 8.
[4

]
LaTeX Font Info:    Font shape `T1/mdbch/m/it' will be
(Font)              scaled to size 7.68005pt on input line 29.
LaTeX Font Info:    Font shape `T1/mdbch/m/it' will be
(Font)              scaled to size 5.76004pt on input line 29.


Package fancyhdr Warning: \headheight is too small (12.0pt): 
(fancyhdr)                Make it at least 13.59999pt, for example:
(fancyhdr)                \setlength{\headheight}{13.59999pt}.
(fancyhdr)                You might also make \topmargin smaller to compensate:

(fancyhdr)                \addtolength{\topmargin}{-1.59999pt}.

[5]

Package fancyhdr Warning: \headheight is too small (12.0pt): 
(fancyhdr)                Make it at least 13.59999pt, for example:
(fancyhdr)                \setlength{\headheight}{13.59999pt}.
(fancyhdr)                You might also make \topmargin smaller to compensate:

(fancyhdr)                \addtolength{\topmargin}{-1.59999pt}.

[6]

Package fancyhdr Warning: \headheight is too small (12.0pt): 
(fancyhdr)                Make it at least 13.59999pt, for example:
(fancyhdr)                \setlength{\headheight}{13.59999pt}.
(fancyhdr)                You might also make \topmargin smaller to compensate:

(fancyhdr)                \addtolength{\topmargin}{-1.59999pt}.

[7]
LaTeX Font Info:    Font shape `T1/mdbch/b/it' will be
(Font)              scaled to size 10.51207pt on input line 263.


Package fancyhdr Warning: \headheight is too small (12.0pt): 
(fancyhdr)                Make it at least 13.59999pt, for example:
(fancyhdr)                \setlength{\headheight}{13.59999pt}.
(fancyhdr)                You might also make \topmargin smaller to compensate:

(fancyhdr)                \addtolength{\topmargin}{-1.59999pt}.

[8]

Package fancyhdr Warning: \headheight is too small (12.0pt): 
(fancyhdr)                Make it at least 13.59999pt, for example:
(fancyhdr)                \setlength{\headheight}{13.59999pt}.
(fancyhdr)                You might also make \topmargin smaller to compensate:

(fancyhdr)                \addtolength{\topmargin}{-1.59999pt}.

[9]

Package fancyhdr Warning: \headheight is too small (12.0pt): 
(fancyhdr)                Make it at least 13.59999pt, for example:
(fancyhdr)                \setlength{\headheight}{13.59999pt}.
(fancyhdr)                You might also make \topmargin smaller to compensate:

(fancyhdr)                \addtolength{\topmargin}{-1.59999pt}.

[10]

Package fancyhdr Warning: \headheight is too small (12.0pt): 
(fancyhdr)                Make it at least 13.59999pt, for example:
(fancyhdr)                \setlength{\headheight}{13.59999pt}.
(fancyhdr)                You might also make \topmargin smaller to compensate:

(fancyhdr)                \addtolength{\topmargin}{-1.59999pt}.

[11]

Package fancyhdr Warning: \headheight is too small (12.0pt): 
(fancyhdr)                Make it at least 13.59999pt, for example:
(fancyhdr)                \setlength{\headheight}{13.59999pt}.
(fancyhdr)                You might also make \topmargin smaller to compensate:

(fancyhdr)                \addtolength{\topmargin}{-1.59999pt}.

[12]

Package fancyhdr Warning: \headheight is too small (12.0pt): 
(fancyhdr)                Make it at least 13.59999pt, for example:
(fancyhdr)                \setlength{\headheight}{13.59999pt}.
(fancyhdr)                You might also make \topmargin smaller to compensate:

(fancyhdr)                \addtolength{\topmargin}{-1.59999pt}.

[13]
LaTeX Font Info:    Trying to load font information for TS1+mdbch on input line
 574.
 (/usr/local/texlive/2022/texmf-dist/tex/latex/mathdesign/mdbch/ts1mdbch.fd
File: ts1mdbch.fd 2013/08/29 Fontinst v1.933 font definitions for TS1/mdbch.
)
LaTeX Font Info:    Font shape `TS1/mdbch/m/n' will be
(Font)              scaled to size 10.51207pt on input line 574.


Package fancyhdr Warning: \headheight is too small (12.0pt): 
(fancyhdr)                Make it at least 13.59999pt, for example:
(fancyhdr)                \setlength{\headheight}{13.59999pt}.
(fancyhdr)                You might also make \topmargin smaller to compensate:

(fancyhdr)                \addtolength{\topmargin}{-1.59999pt}.

[14]

Package fancyhdr Warning: \headheight is too small (12.0pt): 
(fancyhdr)                Make it at least 13.59999pt, for example:
(fancyhdr)                \setlength{\headheight}{13.59999pt}.
(fancyhdr)                You might also make \topmargin smaller to compensate:

(fancyhdr)                \addtolength{\topmargin}{-1.59999pt}.

[15]
LaTeX Font Info:    Font shape `OT1/mdbch/b/n' will be
(Font)              scaled to size 10.51207pt on input line 680.
LaTeX Font Info:    Font shape `OT1/mdbch/b/n' will be
(Font)              scaled to size 7.68005pt on input line 680.
LaTeX Font Info:    Font shape `OT1/mdbch/b/n' will be
(Font)              scaled to size 5.76004pt on input line 680.
LaTeX Font Info:    Font shape `OML/mdbch/b/it' will be
(Font)              scaled to size 10.51207pt on input line 680.
LaTeX Font Info:    Font shape `OML/mdbch/b/it' will be
(Font)              scaled to size 7.68005pt on input line 680.
LaTeX Font Info:    Font shape `OML/mdbch/b/it' will be
(Font)              scaled to size 5.76004pt on input line 680.
LaTeX Font Info:    Font shape `OMS/mdbch/b/n' will be
(Font)              scaled to size 10.51207pt on input line 680.
LaTeX Font Info:    Font shape `OMS/mdbch/b/n' will be
(Font)              scaled to size 7.68005pt on input line 680.
LaTeX Font Info:    Font shape `OMS/mdbch/b/n' will be
(Font)              scaled to size 5.76004pt on input line 680.
LaTeX Font Info:    Font shape `OMX/mdbch/b/n' will be
(Font)              scaled to size 10.51207pt on input line 680.
LaTeX Font Info:    Font shape `OMX/mdbch/b/n' will be
(Font)              scaled to size 7.68005pt on input line 680.
LaTeX Font Info:    Font shape `OMX/mdbch/b/n' will be
(Font)              scaled to size 5.76004pt on input line 680.
LaTeX Font Info:    Font shape `OML/mdbch/b/n' will be
(Font)              scaled to size 10.51207pt on input line 680.
LaTeX Font Info:    Font shape `OML/mdbch/b/n' will be
(Font)              scaled to size 7.68005pt on input line 680.
LaTeX Font Info:    Font shape `OML/mdbch/b/n' will be
(Font)              scaled to size 5.76004pt on input line 680.
LaTeX Font Info:    Font shape `MDA/mdbch/b/n' will be
(Font)              scaled to size 10.51207pt on input line 680.
LaTeX Font Info:    Font shape `MDA/mdbch/b/n' will be
(Font)              scaled to size 7.68005pt on input line 680.
LaTeX Font Info:    Font shape `MDA/mdbch/b/n' will be
(Font)              scaled to size 5.76004pt on input line 680.
LaTeX Font Info:    Font shape `MDB/mdbch/b/n' will be
(Font)              scaled to size 10.51207pt on input line 680.
LaTeX Font Info:    Font shape `MDB/mdbch/b/n' will be
(Font)              scaled to size 7.68005pt on input line 680.
LaTeX Font Info:    Font shape `MDB/mdbch/b/n' will be
(Font)              scaled to size 5.76004pt on input line 680.


Package fancyhdr Warning: \headheight is too small (12.0pt): 
(fancyhdr)                Make it at least 13.59999pt, for example:
(fancyhdr)                \setlength{\headheight}{13.59999pt}.
(fancyhdr)                You might also make \topmargin smaller to compensate:

(fancyhdr)                \addtolength{\topmargin}{-1.59999pt}.

[16]

Package fancyhdr Warning: \headheight is too small (12.0pt): 
(fancyhdr)                Make it at least 13.59999pt, for example:
(fancyhdr)                \setlength{\headheight}{13.59999pt}.
(fancyhdr)                You might also make \topmargin smaller to compensate:

(fancyhdr)                \addtolength{\topmargin}{-1.59999pt}.

[17]) (./bozza10.tex

Package fancyhdr Warning: \headheight is too small (12.0pt): 
(fancyhdr)                Make it at least 13.59999pt, for example:
(fancyhdr)                \setlength{\headheight}{13.59999pt}.
(fancyhdr)                You might also make \topmargin smaller to compensate:

(fancyhdr)                \addtolength{\topmargin}{-1.59999pt}.

[18]

Package fancyhdr Warning: \headheight is too small (12.0pt): 
(fancyhdr)                Make it at least 13.59999pt, for example:
(fancyhdr)                \setlength{\headheight}{13.59999pt}.
(fancyhdr)                You might also make \topmargin smaller to compensate:

(fancyhdr)                \addtolength{\topmargin}{-1.59999pt}.

[19]

Package fancyhdr Warning: \headheight is too small (12.0pt): 
(fancyhdr)                Make it at least 13.59999pt, for example:
(fancyhdr)                \setlength{\headheight}{13.59999pt}.
(fancyhdr)                You might also make \topmargin smaller to compensate:

(fancyhdr)                \addtolength{\topmargin}{-1.59999pt}.

[20]
Overfull \hbox (5.20738pt too wide) in paragraph at lines 186--188
\T1/mdbch/m/n/10.95 However, $\OML/mdbch/m/it/10.95 X[] \OT1/mdbch/m/n/10.95 = 
(\OML/mdbch/m/it/10.95 d\OMS/mdbch/m/n/10.95 f\OML/mdbch/m/it/10.95 f; g\OMS/md
bch/m/n/10.95 g\OT1/mdbch/m/n/10.95 )[] = \OMS/mdbch/m/n/10.95 f\OML/mdbch/m/it
/10.95 df; dg\OMS/mdbch/m/n/10.95 g[] \OT1/mdbch/m/n/10.95 = \OMS/mdbch/m/n/10.
95 ^^@\OT1/mdbch/m/n/10.95 [(\OML/mdbch/m/it/10.95 df\OT1/mdbch/m/n/10.95 )[]\O
ML/mdbch/m/it/10.95 ; \OT1/mdbch/m/n/10.95 (\OML/mdbch/m/it/10.95 dg\OT1/mdbch/
m/n/10.95 )[]]$ \T1/mdbch/m/n/10.95 by Propo-si-tion [][]1.4.11[][]. Hence $\OM
L/mdbch/m/it/10.95 X[] \OT1/mdbch/m/n/10.95 = \OMS/mdbch/m/n/10.95 ^^@\OT1/mdbc
h/m/n/10.95 [\OML/mdbch/m/it/10.95 X[]; X[]\OT1/mdbch/m/n/10.95 ]$
 []


Package fancyhdr Warning: \headheight is too small (12.0pt): 
(fancyhdr)                Make it at least 13.59999pt, for example:
(fancyhdr)                \setlength{\headheight}{13.59999pt}.
(fancyhdr)                You might also make \topmargin smaller to compensate:

(fancyhdr)                \addtolength{\topmargin}{-1.59999pt}.

[21]

Package fancyhdr Warning: \headheight is too small (12.0pt): 
(fancyhdr)                Make it at least 13.59999pt, for example:
(fancyhdr)                \setlength{\headheight}{13.59999pt}.
(fancyhdr)                You might also make \topmargin smaller to compensate:

(fancyhdr)                \addtolength{\topmargin}{-1.59999pt}.

[22]
LaTeX Font Info:    Font shape `T1/mdbch/b/n' will be
(Font)              scaled to size 7.68005pt on input line 288.
LaTeX Font Info:    Font shape `T1/mdbch/b/n' will be
(Font)              scaled to size 5.76004pt on input line 288.


Package fancyhdr Warning: \headheight is too small (12.0pt): 
(fancyhdr)                Make it at least 13.59999pt, for example:
(fancyhdr)                \setlength{\headheight}{13.59999pt}.
(fancyhdr)                You might also make \topmargin smaller to compensate:

(fancyhdr)                \addtolength{\topmargin}{-1.59999pt}.

[23]

Package fancyhdr Warning: \headheight is too small (12.0pt): 
(fancyhdr)                Make it at least 13.59999pt, for example:
(fancyhdr)                \setlength{\headheight}{13.59999pt}.
(fancyhdr)                You might also make \topmargin smaller to compensate:

(fancyhdr)                \addtolength{\topmargin}{-1.59999pt}.

[24]

Package fancyhdr Warning: \headheight is too small (12.0pt): 
(fancyhdr)                Make it at least 13.59999pt, for example:
(fancyhdr)                \setlength{\headheight}{13.59999pt}.
(fancyhdr)                You might also make \topmargin smaller to compensate:

(fancyhdr)                \addtolength{\topmargin}{-1.59999pt}.

[25]) (./bozza20.tex

Package fancyhdr Warning: \headheight is too small (12.0pt): 
(fancyhdr)                Make it at least 13.59999pt, for example:
(fancyhdr)                \setlength{\headheight}{13.59999pt}.
(fancyhdr)                You might also make \topmargin smaller to compensate:

(fancyhdr)                \addtolength{\topmargin}{-1.59999pt}.

[26]
LaTeX Font Info:    Font shape `OT1/mdbch/m/n' will be
(Font)              scaled to size 11.52008pt on input line 4.
LaTeX Font Info:    Font shape `OML/mdbch/m/it' will be
(Font)              scaled to size 11.52008pt on input line 4.
LaTeX Font Info:    Font shape `OMS/mdbch/m/n' will be
(Font)              scaled to size 11.52008pt on input line 4.
LaTeX Font Info:    Font shape `OMX/mdbch/m/n' will be
(Font)              scaled to size 11.52008pt on input line 4.
LaTeX Font Info:    Font shape `U/xmdeuf/m/n' will be
(Font)              scaled to size 11.60394pt on input line 4.
LaTeX Font Info:    Font shape `OML/mdbch/m/n' will be
(Font)              scaled to size 11.52008pt on input line 4.
LaTeX Font Info:    Font shape `MDA/mdbch/m/n' will be
(Font)              scaled to size 11.52008pt on input line 4.
LaTeX Font Info:    Font shape `MDB/mdbch/m/n' will be
(Font)              scaled to size 11.52008pt on input line 4.


Package fancyhdr Warning: \headheight is too small (12.0pt): 
(fancyhdr)                Make it at least 13.59999pt, for example:
(fancyhdr)                \setlength{\headheight}{13.59999pt}.
(fancyhdr)                You might also make \topmargin smaller to compensate:

(fancyhdr)                \addtolength{\topmargin}{-1.59999pt}.

[27]

Package fancyhdr Warning: \headheight is too small (12.0pt): 
(fancyhdr)                Make it at least 13.59999pt, for example:
(fancyhdr)                \setlength{\headheight}{13.59999pt}.
(fancyhdr)                You might also make \topmargin smaller to compensate:

(fancyhdr)                \addtolength{\topmargin}{-1.59999pt}.

[28]

Package fancyhdr Warning: \headheight is too small (12.0pt): 
(fancyhdr)                Make it at least 13.59999pt, for example:
(fancyhdr)                \setlength{\headheight}{13.59999pt}.
(fancyhdr)                You might also make \topmargin smaller to compensate:

(fancyhdr)                \addtolength{\topmargin}{-1.59999pt}.

[29]

Package fancyhdr Warning: \headheight is too small (12.0pt): 
(fancyhdr)                Make it at least 13.59999pt, for example:
(fancyhdr)                \setlength{\headheight}{13.59999pt}.
(fancyhdr)                You might also make \topmargin smaller to compensate:

(fancyhdr)                \addtolength{\topmargin}{-1.59999pt}.

[30]

Package fancyhdr Warning: \headheight is too small (12.0pt): 
(fancyhdr)                Make it at least 13.59999pt, for example:
(fancyhdr)                \setlength{\headheight}{13.59999pt}.
(fancyhdr)                You might also make \topmargin smaller to compensate:

(fancyhdr)                \addtolength{\topmargin}{-1.59999pt}.

[31]

Package fancyhdr Warning: \headheight is too small (12.0pt): 
(fancyhdr)                Make it at least 13.59999pt, for example:
(fancyhdr)                \setlength{\headheight}{13.59999pt}.
(fancyhdr)                You might also make \topmargin smaller to compensate:

(fancyhdr)                \addtolength{\topmargin}{-1.59999pt}.

[32]

Package fancyhdr Warning: \headheight is too small (12.0pt): 
(fancyhdr)                Make it at least 13.59999pt, for example:
(fancyhdr)                \setlength{\headheight}{13.59999pt}.
(fancyhdr)                You might also make \topmargin smaller to compensate:

(fancyhdr)                \addtolength{\topmargin}{-1.59999pt}.

[33]

Package enumitem Warning: Negative labelwidth. This does not make much
(enumitem)                sense, on input line 355.


Package fancyhdr Warning: \headheight is too small (12.0pt): 
(fancyhdr)                Make it at least 13.59999pt, for example:
(fancyhdr)                \setlength{\headheight}{13.59999pt}.
(fancyhdr)                You might also make \topmargin smaller to compensate:

(fancyhdr)                \addtolength{\topmargin}{-1.59999pt}.

[34]

Package fancyhdr Warning: \headheight is too small (12.0pt): 
(fancyhdr)                Make it at least 13.59999pt, for example:
(fancyhdr)                \setlength{\headheight}{13.59999pt}.
(fancyhdr)                You might also make \topmargin smaller to compensate:

(fancyhdr)                \addtolength{\topmargin}{-1.59999pt}.

[35]

Package fancyhdr Warning: \headheight is too small (12.0pt): 
(fancyhdr)                Make it at least 13.59999pt, for example:
(fancyhdr)                \setlength{\headheight}{13.59999pt}.
(fancyhdr)                You might also make \topmargin smaller to compensate:

(fancyhdr)                \addtolength{\topmargin}{-1.59999pt}.

[36]

Package fancyhdr Warning: \headheight is too small (12.0pt): 
(fancyhdr)                Make it at least 13.59999pt, for example:
(fancyhdr)                \setlength{\headheight}{13.59999pt}.
(fancyhdr)                You might also make \topmargin smaller to compensate:

(fancyhdr)                \addtolength{\topmargin}{-1.59999pt}.

[37])

Package fancyhdr Warning: \headheight is too small (12.0pt): 
(fancyhdr)                Make it at least 13.59999pt, for example:
(fancyhdr)                \setlength{\headheight}{13.59999pt}.
(fancyhdr)                You might also make \topmargin smaller to compensate:

(fancyhdr)                \addtolength{\topmargin}{-1.59999pt}.

[38]
Chapter 2.
(./bozza30.tex [39

]

Package fancyhdr Warning: \headheight is too small (12.0pt): 
(fancyhdr)                Make it at least 13.59999pt, for example:
(fancyhdr)                \setlength{\headheight}{13.59999pt}.
(fancyhdr)                You might also make \topmargin smaller to compensate:

(fancyhdr)                \addtolength{\topmargin}{-1.59999pt}.

[40]

Package fancyhdr Warning: \headheight is too small (12.0pt): 
(fancyhdr)                Make it at least 13.59999pt, for example:
(fancyhdr)                \setlength{\headheight}{13.59999pt}.
(fancyhdr)                You might also make \topmargin smaller to compensate:

(fancyhdr)                \addtolength{\topmargin}{-1.59999pt}.

[41]

Package fancyhdr Warning: \headheight is too small (12.0pt): 
(fancyhdr)                Make it at least 13.59999pt, for example:
(fancyhdr)                \setlength{\headheight}{13.59999pt}.
(fancyhdr)                You might also make \topmargin smaller to compensate:

(fancyhdr)                \addtolength{\topmargin}{-1.59999pt}.

[42]
Overfull \hbox (10.00703pt too wide) in paragraph at lines 210--216
[][]\T1/mdbch/m/it/10.95 Remark \T1/mdbch/m/n/10.95 2.1.16\T1/mdbch/m/it/10.95 
. []\T1/mdbch/m/n/10.95 Ex-cep-tional Jor-dan al-ge-bras ex-ist but are clas-si
-fied by an es-sen-tially unique finite-dimensional
 []


Package fancyhdr Warning: \headheight is too small (12.0pt): 
(fancyhdr)                Make it at least 13.59999pt, for example:
(fancyhdr)                \setlength{\headheight}{13.59999pt}.
(fancyhdr)                You might also make \topmargin smaller to compensate:

(fancyhdr)                \addtolength{\topmargin}{-1.59999pt}.

[43]

Package fancyhdr Warning: \headheight is too small (12.0pt): 
(fancyhdr)                Make it at least 13.59999pt, for example:
(fancyhdr)                \setlength{\headheight}{13.59999pt}.
(fancyhdr)                You might also make \topmargin smaller to compensate:

(fancyhdr)                \addtolength{\topmargin}{-1.59999pt}.

[44]

Package fancyhdr Warning: \headheight is too small (12.0pt): 
(fancyhdr)                Make it at least 13.59999pt, for example:
(fancyhdr)                \setlength{\headheight}{13.59999pt}.
(fancyhdr)                You might also make \topmargin smaller to compensate:

(fancyhdr)                \addtolength{\topmargin}{-1.59999pt}.

[45]

Package fancyhdr Warning: \headheight is too small (12.0pt): 
(fancyhdr)                Make it at least 13.59999pt, for example:
(fancyhdr)                \setlength{\headheight}{13.59999pt}.
(fancyhdr)                You might also make \topmargin smaller to compensate:

(fancyhdr)                \addtolength{\topmargin}{-1.59999pt}.

[46]

Package fancyhdr Warning: \headheight is too small (12.0pt): 
(fancyhdr)                Make it at least 13.59999pt, for example:
(fancyhdr)                \setlength{\headheight}{13.59999pt}.
(fancyhdr)                You might also make \topmargin smaller to compensate:

(fancyhdr)                \addtolength{\topmargin}{-1.59999pt}.

[47]

Package fancyhdr Warning: \headheight is too small (12.0pt): 
(fancyhdr)                Make it at least 13.59999pt, for example:
(fancyhdr)                \setlength{\headheight}{13.59999pt}.
(fancyhdr)                You might also make \topmargin smaller to compensate:

(fancyhdr)                \addtolength{\topmargin}{-1.59999pt}.

[48]

Package fancyhdr Warning: \headheight is too small (12.0pt): 
(fancyhdr)                Make it at least 13.59999pt, for example:
(fancyhdr)                \setlength{\headheight}{13.59999pt}.
(fancyhdr)                You might also make \topmargin smaller to compensate:

(fancyhdr)                \addtolength{\topmargin}{-1.59999pt}.

[49]

Package fancyhdr Warning: \headheight is too small (12.0pt): 
(fancyhdr)                Make it at least 13.59999pt, for example:
(fancyhdr)                \setlength{\headheight}{13.59999pt}.
(fancyhdr)                You might also make \topmargin smaller to compensate:

(fancyhdr)                \addtolength{\topmargin}{-1.59999pt}.

[50]

Package fancyhdr Warning: \headheight is too small (12.0pt): 
(fancyhdr)                Make it at least 13.59999pt, for example:
(fancyhdr)                \setlength{\headheight}{13.59999pt}.
(fancyhdr)                You might also make \topmargin smaller to compensate:

(fancyhdr)                \addtolength{\topmargin}{-1.59999pt}.

[51]) (./bozza40.tex

Package fancyhdr Warning: \headheight is too small (12.0pt): 
(fancyhdr)                Make it at least 13.59999pt, for example:
(fancyhdr)                \setlength{\headheight}{13.59999pt}.
(fancyhdr)                You might also make \topmargin smaller to compensate:

(fancyhdr)                \addtolength{\topmargin}{-1.59999pt}.

[52]

Package fancyhdr Warning: \headheight is too small (12.0pt): 
(fancyhdr)                Make it at least 13.59999pt, for example:
(fancyhdr)                \setlength{\headheight}{13.59999pt}.
(fancyhdr)                You might also make \topmargin smaller to compensate:

(fancyhdr)                \addtolength{\topmargin}{-1.59999pt}.

[53]
Overfull \hbox (8.33185pt too wide) in paragraph at lines 126--127
\T1/mdbch/m/n/10.95 for all $\OML/mdbch/m/it/10.95 A; A[]; B \OMS/mdbch/m/n/10.
95 2 \U/xmdeuf/m/n/10.95 A$ \T1/mdbch/m/n/10.95 The iden-tity $\OML/mdbch/m/it/
10.95 ^^Y[]\OT1/mdbch/m/n/10.95 (\OML/mdbch/m/it/10.95 A\OT1/mdbch/m/n/10.95 )[
][\OML/mdbch/m/it/10.95 B\OT1/mdbch/m/n/10.95 ] = \OML/mdbch/m/it/10.95 ^^Y[]\O
T1/mdbch/m/n/10.95 (\OML/mdbch/m/it/10.95 A[]\OT1/mdbch/m/n/10.95 )[\OML/mdbch/
m/it/10.95 B\OT1/mdbch/m/n/10.95 ]$ \T1/mdbch/m/n/10.95 holds be-cause $[]\OT1/
mdbch/m/n/10.95 [\OML/mdbch/m/it/10.95 AB\OT1/mdbch/m/n/10.95 ]\OML/mdbch/m/it/
10.95 ; \OT1/mdbch/m/n/10.95 [\OML/mdbch/m/it/10.95 C\OT1/mdbch/m/n/10.95 ][] =
 \OML/mdbch/m/it/10.95 !\OT1/mdbch/m/n/10.95 (\OML/mdbch/m/it/10.95 B[]A[]C\OT1
/mdbch/m/n/10.95 ) = [][\OML/mdbch/m/it/10.95 B\OT1/mdbch/m/n/10.95 ]\OML/mdbch
/m/it/10.95 ; \OT1/mdbch/m/n/10.95 [\OML/mdbch/m/it/10.95 A[]C\OT1/mdbch/m/n/10
.95 ][]$
 []


Package fancyhdr Warning: \headheight is too small (12.0pt): 
(fancyhdr)                Make it at least 13.59999pt, for example:
(fancyhdr)                \setlength{\headheight}{13.59999pt}.
(fancyhdr)                You might also make \topmargin smaller to compensate:

(fancyhdr)                \addtolength{\topmargin}{-1.59999pt}.

[54]
Overfull \hbox (1.21536pt too wide) in paragraph at lines 172--173
[]\T1/mdbch/m/n/10.95 The rep-re-sen-ta-tion $\OML/mdbch/m/it/10.95 ^^Y[]$ \T1/
mdbch/m/n/10.95 is de-fined on the dense sub-space $\U/xmdeuf/m/n/10.95 A\OML/m
dbch/m/it/10.95 =J \OMS/mdbch/m/n/10.95 ^^Z [][]$ \T1/mdbch/m/n/10.95 by left m
ul-ti-pli-ca-tion, $\OML/mdbch/m/it/10.95 ^^Y[]\OT1/mdbch/m/n/10.95 (\OML/mdbch
/m/it/10.95 A\OT1/mdbch/m/n/10.95 )[\OML/mdbch/m/it/10.95 B\OT1/mdbch/m/n/10.95
 ] :=
 []


Overfull \hbox (4.36385pt too wide) in paragraph at lines 210--211
[][]\T1/mdbch/b/n/10.95 Definition 2.3.9 \T1/mdbch/m/n/10.95 (State vec-tor)\T1
/mdbch/b/n/10.95 . []\T1/mdbch/m/it/10.95 Let $\OML/mdbch/m/it/10.95 !$ \T1/mdb
ch/m/it/10.95 be a state on a $\OML/mdbch/m/it/10.95 C[]$\T1/mdbch/m/it/10.95 -
algebra $\U/xmdeuf/m/n/10.95 A$\T1/mdbch/m/it/10.95 , as in Def-i-ni-tion [][]2
.1.3[][], and let $\OT1/mdbch/m/n/10.95 ([][]\OML/mdbch/m/it/10.95 ; ^^Y[]; \OM
L/mdbch/m/n/10.95 	[]\OT1/mdbch/m/n/10.95 )$
 []


Package fancyhdr Warning: \headheight is too small (12.0pt): 
(fancyhdr)                Make it at least 13.59999pt, for example:
(fancyhdr)                \setlength{\headheight}{13.59999pt}.
(fancyhdr)                You might also make \topmargin smaller to compensate:

(fancyhdr)                \addtolength{\topmargin}{-1.59999pt}.

[55]

Package fancyhdr Warning: \headheight is too small (12.0pt): 
(fancyhdr)                Make it at least 13.59999pt, for example:
(fancyhdr)                \setlength{\headheight}{13.59999pt}.
(fancyhdr)                You might also make \topmargin smaller to compensate:

(fancyhdr)                \addtolength{\topmargin}{-1.59999pt}.

[56]

Package fancyhdr Warning: \headheight is too small (12.0pt): 
(fancyhdr)                Make it at least 13.59999pt, for example:
(fancyhdr)                \setlength{\headheight}{13.59999pt}.
(fancyhdr)                You might also make \topmargin smaller to compensate:

(fancyhdr)                \addtolength{\topmargin}{-1.59999pt}.

[57]

Package fancyhdr Warning: \headheight is too small (12.0pt): 
(fancyhdr)                Make it at least 13.59999pt, for example:
(fancyhdr)                \setlength{\headheight}{13.59999pt}.
(fancyhdr)                You might also make \topmargin smaller to compensate:

(fancyhdr)                \addtolength{\topmargin}{-1.59999pt}.

[58]

Package fancyhdr Warning: \headheight is too small (12.0pt): 
(fancyhdr)                Make it at least 13.59999pt, for example:
(fancyhdr)                \setlength{\headheight}{13.59999pt}.
(fancyhdr)                You might also make \topmargin smaller to compensate:

(fancyhdr)                \addtolength{\topmargin}{-1.59999pt}.

[59]

Package fancyhdr Warning: \headheight is too small (12.0pt): 
(fancyhdr)                Make it at least 13.59999pt, for example:
(fancyhdr)                \setlength{\headheight}{13.59999pt}.
(fancyhdr)                You might also make \topmargin smaller to compensate:

(fancyhdr)                \addtolength{\topmargin}{-1.59999pt}.

[60]

Package fancyhdr Warning: \headheight is too small (12.0pt): 
(fancyhdr)                Make it at least 13.59999pt, for example:
(fancyhdr)                \setlength{\headheight}{13.59999pt}.
(fancyhdr)                You might also make \topmargin smaller to compensate:

(fancyhdr)                \addtolength{\topmargin}{-1.59999pt}.

[61]

Package fancyhdr Warning: \headheight is too small (12.0pt): 
(fancyhdr)                Make it at least 13.59999pt, for example:
(fancyhdr)                \setlength{\headheight}{13.59999pt}.
(fancyhdr)                You might also make \topmargin smaller to compensate:

(fancyhdr)                \addtolength{\topmargin}{-1.59999pt}.

[62]

Package fancyhdr Warning: \headheight is too small (12.0pt): 
(fancyhdr)                Make it at least 13.59999pt, for example:
(fancyhdr)                \setlength{\headheight}{13.59999pt}.
(fancyhdr)                You might also make \topmargin smaller to compensate:

(fancyhdr)                \addtolength{\topmargin}{-1.59999pt}.

[63]

Package fancyhdr Warning: \headheight is too small (12.0pt): 
(fancyhdr)                Make it at least 13.59999pt, for example:
(fancyhdr)                \setlength{\headheight}{13.59999pt}.
(fancyhdr)                You might also make \topmargin smaller to compensate:

(fancyhdr)                \addtolength{\topmargin}{-1.59999pt}.

[64]

Package fancyhdr Warning: \headheight is too small (12.0pt): 
(fancyhdr)                Make it at least 13.59999pt, for example:
(fancyhdr)                \setlength{\headheight}{13.59999pt}.
(fancyhdr)                You might also make \topmargin smaller to compensate:

(fancyhdr)                \addtolength{\topmargin}{-1.59999pt}.

[65]
Overfull \hbox (7.79129pt too wide) in paragraph at lines 709--710
[]\T1/mdbch/m/n/10.95 For a proof of this state-ment, see Re-mark [][]2.3.20[][
]. Con-se-quently $\OML/mdbch/m/it/10.95 ^^Y\OT1/mdbch/m/n/10.95 (\OML/mdbch/m/
it/10.95 A\OT1/mdbch/m/n/10.95 )$ \T1/mdbch/m/n/10.95 co-in-cides with the fam-
ily $\OMS/mdbch/m/n/10.95 f\OML/mdbch/m/it/10.95 !\OT1/mdbch/m/n/10.95 (\OML/md
bch/m/it/10.95 A\OT1/mdbch/m/n/10.95 )\OMS/mdbch/m/n/10.95 g[]$\T1/mdbch/m/n/10
.95 .
 []

LaTeX Font Info:    Font shape `T1/mdbch/m/n' will be
(Font)              scaled to size 9.60007pt on input line 725.
LaTeX Font Info:    Font shape `OT1/mdbch/m/n' will be
(Font)              scaled to size 9.60007pt on input line 727.
LaTeX Font Info:    Font shape `OT1/mdbch/m/n' will be
(Font)              scaled to size 6.72005pt on input line 727.
LaTeX Font Info:    Font shape `OT1/mdbch/m/n' will be
(Font)              scaled to size 4.80003pt on input line 727.
LaTeX Font Info:    Font shape `OML/mdbch/m/it' will be
(Font)              scaled to size 9.60007pt on input line 727.
LaTeX Font Info:    Font shape `OML/mdbch/m/it' will be
(Font)              scaled to size 6.72005pt on input line 727.
LaTeX Font Info:    Font shape `OML/mdbch/m/it' will be
(Font)              scaled to size 4.80003pt on input line 727.
LaTeX Font Info:    Font shape `OMS/mdbch/m/n' will be
(Font)              scaled to size 9.60007pt on input line 727.
LaTeX Font Info:    Font shape `OMS/mdbch/m/n' will be
(Font)              scaled to size 6.72005pt on input line 727.
LaTeX Font Info:    Font shape `OMS/mdbch/m/n' will be
(Font)              scaled to size 4.80003pt on input line 727.
LaTeX Font Info:    Font shape `OMX/mdbch/m/n' will be
(Font)              scaled to size 9.60007pt on input line 727.
LaTeX Font Info:    Font shape `OMX/mdbch/m/n' will be
(Font)              scaled to size 6.72005pt on input line 727.
LaTeX Font Info:    Font shape `OMX/mdbch/m/n' will be
(Font)              scaled to size 4.80003pt on input line 727.
LaTeX Font Info:    Font shape `T1/mdbch/b/n' will be
(Font)              scaled to size 9.60007pt on input line 727.
LaTeX Font Info:    Font shape `T1/mdbch/b/n' will be
(Font)              scaled to size 6.72005pt on input line 727.
LaTeX Font Info:    Font shape `T1/mdbch/b/n' will be
(Font)              scaled to size 4.80003pt on input line 727.
LaTeX Font Info:    Font shape `U/xmdeuf/m/n' will be
(Font)              scaled to size 9.66995pt on input line 727.
LaTeX Font Info:    Font shape `U/xmdeuf/m/n' will be
(Font)              scaled to size 6.76897pt on input line 727.
LaTeX Font Info:    Font shape `U/xmdeuf/m/n' will be
(Font)              scaled to size 4.83498pt on input line 727.
LaTeX Font Info:    Font shape `OML/mdbch/m/n' will be
(Font)              scaled to size 9.60007pt on input line 727.
LaTeX Font Info:    Font shape `OML/mdbch/m/n' will be
(Font)              scaled to size 6.72005pt on input line 727.
LaTeX Font Info:    Font shape `OML/mdbch/m/n' will be
(Font)              scaled to size 4.80003pt on input line 727.
LaTeX Font Info:    Font shape `MDA/mdbch/m/n' will be
(Font)              scaled to size 9.60007pt on input line 727.
LaTeX Font Info:    Font shape `MDA/mdbch/m/n' will be
(Font)              scaled to size 6.72005pt on input line 727.
LaTeX Font Info:    Font shape `MDA/mdbch/m/n' will be
(Font)              scaled to size 4.80003pt on input line 727.
LaTeX Font Info:    Font shape `MDB/mdbch/m/n' will be
(Font)              scaled to size 9.60007pt on input line 727.
LaTeX Font Info:    Font shape `MDB/mdbch/m/n' will be
(Font)              scaled to size 6.72005pt on input line 727.
LaTeX Font Info:    Font shape `MDB/mdbch/m/n' will be
(Font)              scaled to size 4.80003pt on input line 727.

Underfull \hbox (badness 10000) in paragraph at lines 733--733
[]\T1/mdbch/m/n/10 Given, the supre-mum norm of Equa-
 []


Underfull \hbox (badness 1231) in paragraph at lines 735--735
[]\T1/mdbch/m/n/10 Imposed ex-ter-nally, smooth dense Pois-son
 []

LaTeX Font Info:    Font shape `T1/mdbch/m/n' will be
(Font)              scaled to size 6.72005pt on input line 735.
LaTeX Font Info:    Font shape `T1/mdbch/m/n' will be
(Font)              scaled to size 4.80003pt on input line 735.

Underfull \hbox (badness 1033) in paragraph at lines 735--736
[]\T1/mdbch/m/n/10 Intrinsic, $\OMS/mdbch/m/n/10 f\OML/mdbch/m/it/10 A; B\OMS/m
dbch/m/n/10 g \OT1/mdbch/m/n/10 = [][\OML/mdbch/m/it/10 A; B\OT1/mdbch/m/n/10 ]
$ \T1/mdbch/m/n/10 as per Def-i-ni-
 []


Underfull \hbox (badness 2142) in paragraph at lines 739--739
[]\T1/mdbch/m/n/10 Gelfand-Naimark the-o-rem, The-o-rem [][]1.10[][],
 []


Underfull \hbox (badness 5359) in paragraph at lines 741--741
\T1/mdbch/m/n/10 pact-ness, Def-i-ni-tion [][]1.6.28[][] and Propo-si-
 []


Overfull \hbox (16.64798pt too wide) in paragraph at lines 727--745
 [][] 
 []


LaTeX Warning: `!h' float specifier changed to `!ht'.


Package fancyhdr Warning: \headheight is too small (12.0pt): 
(fancyhdr)                Make it at least 13.59999pt, for example:
(fancyhdr)                \setlength{\headheight}{13.59999pt}.
(fancyhdr)                You might also make \topmargin smaller to compensate:

(fancyhdr)                \addtolength{\topmargin}{-1.59999pt}.

[66]

Package fancyhdr Warning: \headheight is too small (12.0pt): 
(fancyhdr)                Make it at least 13.59999pt, for example:
(fancyhdr)                \setlength{\headheight}{13.59999pt}.
(fancyhdr)                You might also make \topmargin smaller to compensate:

(fancyhdr)                \addtolength{\topmargin}{-1.59999pt}.

[67]

Package fancyhdr Warning: \headheight is too small (12.0pt): 
(fancyhdr)                Make it at least 13.59999pt, for example:
(fancyhdr)                \setlength{\headheight}{13.59999pt}.
(fancyhdr)                You might also make \topmargin smaller to compensate:

(fancyhdr)                \addtolength{\topmargin}{-1.59999pt}.

[68]

Package fancyhdr Warning: \headheight is too small (12.0pt): 
(fancyhdr)                Make it at least 13.59999pt, for example:
(fancyhdr)                \setlength{\headheight}{13.59999pt}.
(fancyhdr)                You might also make \topmargin smaller to compensate:

(fancyhdr)                \addtolength{\topmargin}{-1.59999pt}.

[69])

Package fancyhdr Warning: \headheight is too small (12.0pt): 
(fancyhdr)                Make it at least 13.59999pt, for example:
(fancyhdr)                \setlength{\headheight}{13.59999pt}.
(fancyhdr)                You might also make \topmargin smaller to compensate:

(fancyhdr)                \addtolength{\topmargin}{-1.59999pt}.

[70]
Chapter 3.
(./bozza70.tex [71

]

Package fancyhdr Warning: \headheight is too small (12.0pt): 
(fancyhdr)                Make it at least 13.59999pt, for example:
(fancyhdr)                \setlength{\headheight}{13.59999pt}.
(fancyhdr)                You might also make \topmargin smaller to compensate:

(fancyhdr)                \addtolength{\topmargin}{-1.59999pt}.

[72]

Package fancyhdr Warning: \headheight is too small (12.0pt): 
(fancyhdr)                Make it at least 13.59999pt, for example:
(fancyhdr)                \setlength{\headheight}{13.59999pt}.
(fancyhdr)                You might also make \topmargin smaller to compensate:

(fancyhdr)                \addtolength{\topmargin}{-1.59999pt}.

[73]

Package fancyhdr Warning: \headheight is too small (12.0pt): 
(fancyhdr)                Make it at least 13.59999pt, for example:
(fancyhdr)                \setlength{\headheight}{13.59999pt}.
(fancyhdr)                You might also make \topmargin smaller to compensate:

(fancyhdr)                \addtolength{\topmargin}{-1.59999pt}.

[74]

Package fancyhdr Warning: \headheight is too small (12.0pt): 
(fancyhdr)                Make it at least 13.59999pt, for example:
(fancyhdr)                \setlength{\headheight}{13.59999pt}.
(fancyhdr)                You might also make \topmargin smaller to compensate:

(fancyhdr)                \addtolength{\topmargin}{-1.59999pt}.

[75]

Package fancyhdr Warning: \headheight is too small (12.0pt): 
(fancyhdr)                Make it at least 13.59999pt, for example:
(fancyhdr)                \setlength{\headheight}{13.59999pt}.
(fancyhdr)                You might also make \topmargin smaller to compensate:

(fancyhdr)                \addtolength{\topmargin}{-1.59999pt}.

[76]

Package fancyhdr Warning: \headheight is too small (12.0pt): 
(fancyhdr)                Make it at least 13.59999pt, for example:
(fancyhdr)                \setlength{\headheight}{13.59999pt}.
(fancyhdr)                You might also make \topmargin smaller to compensate:

(fancyhdr)                \addtolength{\topmargin}{-1.59999pt}.

[77]

Package fancyhdr Warning: \headheight is too small (12.0pt): 
(fancyhdr)                Make it at least 13.59999pt, for example:
(fancyhdr)                \setlength{\headheight}{13.59999pt}.
(fancyhdr)                You might also make \topmargin smaller to compensate:

(fancyhdr)                \addtolength{\topmargin}{-1.59999pt}.

[78]

Package fancyhdr Warning: \headheight is too small (12.0pt): 
(fancyhdr)                Make it at least 13.59999pt, for example:
(fancyhdr)                \setlength{\headheight}{13.59999pt}.
(fancyhdr)                You might also make \topmargin smaller to compensate:

(fancyhdr)                \addtolength{\topmargin}{-1.59999pt}.

[79]

Package fancyhdr Warning: \headheight is too small (12.0pt): 
(fancyhdr)                Make it at least 13.59999pt, for example:
(fancyhdr)                \setlength{\headheight}{13.59999pt}.
(fancyhdr)                You might also make \topmargin smaller to compensate:

(fancyhdr)                \addtolength{\topmargin}{-1.59999pt}.

[80]

Package fancyhdr Warning: \headheight is too small (12.0pt): 
(fancyhdr)                Make it at least 13.59999pt, for example:
(fancyhdr)                \setlength{\headheight}{13.59999pt}.
(fancyhdr)                You might also make \topmargin smaller to compensate:

(fancyhdr)                \addtolength{\topmargin}{-1.59999pt}.

[81]

Package fancyhdr Warning: \headheight is too small (12.0pt): 
(fancyhdr)                Make it at least 13.59999pt, for example:
(fancyhdr)                \setlength{\headheight}{13.59999pt}.
(fancyhdr)                You might also make \topmargin smaller to compensate:

(fancyhdr)                \addtolength{\topmargin}{-1.59999pt}.

[82]

Package fancyhdr Warning: \headheight is too small (12.0pt): 
(fancyhdr)                Make it at least 13.59999pt, for example:
(fancyhdr)                \setlength{\headheight}{13.59999pt}.
(fancyhdr)                You might also make \topmargin smaller to compensate:

(fancyhdr)                \addtolength{\topmargin}{-1.59999pt}.

[83]

Package fancyhdr Warning: \headheight is too small (12.0pt): 
(fancyhdr)                Make it at least 13.59999pt, for example:
(fancyhdr)                \setlength{\headheight}{13.59999pt}.
(fancyhdr)                You might also make \topmargin smaller to compensate:

(fancyhdr)                \addtolength{\topmargin}{-1.59999pt}.

[84]

Package fancyhdr Warning: \headheight is too small (12.0pt): 
(fancyhdr)                Make it at least 13.59999pt, for example:
(fancyhdr)                \setlength{\headheight}{13.59999pt}.
(fancyhdr)                You might also make \topmargin smaller to compensate:

(fancyhdr)                \addtolength{\topmargin}{-1.59999pt}.

[85]
Overfull \hbox (6.95142pt too wide) in paragraph at lines 966--970
[][]\T1/mdbch/b/n/10.95 Definition 3.4.12 \T1/mdbch/m/n/10.95 (To-tally geodesi
c sub-man-i-fold)\T1/mdbch/b/n/10.95 . []\T1/mdbch/m/it/10.95 Let $\OT1/mdbch/m
/n/10.95 ([]\OML/mdbch/m/it/10.95 ; J; g\OT1/mdbch/m/n/10.95 )$ \T1/mdbch/m/it/
10.95 be a Käh-ler man-i-fold, as per Def-i-ni-tion [][]3.1.10[][],
 []


Package fancyhdr Warning: \headheight is too small (12.0pt): 
(fancyhdr)                Make it at least 13.59999pt, for example:
(fancyhdr)                \setlength{\headheight}{13.59999pt}.
(fancyhdr)                You might also make \topmargin smaller to compensate:

(fancyhdr)                \addtolength{\topmargin}{-1.59999pt}.

[86]

Package fancyhdr Warning: \headheight is too small (12.0pt): 
(fancyhdr)                Make it at least 13.59999pt, for example:
(fancyhdr)                \setlength{\headheight}{13.59999pt}.
(fancyhdr)                You might also make \topmargin smaller to compensate:

(fancyhdr)                \addtolength{\topmargin}{-1.59999pt}.

[87]

Package fancyhdr Warning: \headheight is too small (12.0pt): 
(fancyhdr)                Make it at least 13.59999pt, for example:
(fancyhdr)                \setlength{\headheight}{13.59999pt}.
(fancyhdr)                You might also make \topmargin smaller to compensate:

(fancyhdr)                \addtolength{\topmargin}{-1.59999pt}.

[88]

Package fancyhdr Warning: \headheight is too small (12.0pt): 
(fancyhdr)                Make it at least 13.59999pt, for example:
(fancyhdr)                \setlength{\headheight}{13.59999pt}.
(fancyhdr)                You might also make \topmargin smaller to compensate:

(fancyhdr)                \addtolength{\topmargin}{-1.59999pt}.

[89]

Package fancyhdr Warning: \headheight is too small (12.0pt): 
(fancyhdr)                Make it at least 13.59999pt, for example:
(fancyhdr)                \setlength{\headheight}{13.59999pt}.
(fancyhdr)                You might also make \topmargin smaller to compensate:

(fancyhdr)                \addtolength{\topmargin}{-1.59999pt}.

[90]

Package fancyhdr Warning: \headheight is too small (12.0pt): 
(fancyhdr)                Make it at least 13.59999pt, for example:
(fancyhdr)                \setlength{\headheight}{13.59999pt}.
(fancyhdr)                You might also make \topmargin smaller to compensate:

(fancyhdr)                \addtolength{\topmargin}{-1.59999pt}.

[91]

Package fancyhdr Warning: \headheight is too small (12.0pt): 
(fancyhdr)                Make it at least 13.59999pt, for example:
(fancyhdr)                \setlength{\headheight}{13.59999pt}.
(fancyhdr)                You might also make \topmargin smaller to compensate:

(fancyhdr)                \addtolength{\topmargin}{-1.59999pt}.

[92]

Package fancyhdr Warning: \headheight is too small (12.0pt): 
(fancyhdr)                Make it at least 13.59999pt, for example:
(fancyhdr)                \setlength{\headheight}{13.59999pt}.
(fancyhdr)                You might also make \topmargin smaller to compensate:

(fancyhdr)                \addtolength{\topmargin}{-1.59999pt}.

[93]

Package fancyhdr Warning: \headheight is too small (12.0pt): 
(fancyhdr)                Make it at least 13.59999pt, for example:
(fancyhdr)                \setlength{\headheight}{13.59999pt}.
(fancyhdr)                You might also make \topmargin smaller to compensate:

(fancyhdr)                \addtolength{\topmargin}{-1.59999pt}.

[94]

Package fancyhdr Warning: \headheight is too small (12.0pt): 
(fancyhdr)                Make it at least 13.59999pt, for example:
(fancyhdr)                \setlength{\headheight}{13.59999pt}.
(fancyhdr)                You might also make \topmargin smaller to compensate:

(fancyhdr)                \addtolength{\topmargin}{-1.59999pt}.

[95]) (./conclusioni.tex

Package fancyhdr Warning: \headheight is too small (12.0pt): 
(fancyhdr)                Make it at least 13.59999pt, for example:
(fancyhdr)                \setlength{\headheight}{13.59999pt}.
(fancyhdr)                You might also make \topmargin smaller to compensate:

(fancyhdr)                \addtolength{\topmargin}{-1.59999pt}.

[96]) [97

]
LaTeX Font Info:    Font shape `T1/mdbch/m/fsc' will be
(Font)              scaled to size 10.51207pt on input line 44.
LaTeX Font Info:    Font shape `T1/cmtt/m/n' will be
(Font)              scaled to size 11.73846pt on input line 44.

Overfull \hbox (2.20995pt too wide) in paragraph at lines 45--45
[]\T1/mdbch/m/n/10.95 T. W. B. Kib-ble. ^^P  Ge-ometriza-tion of Quan-tum Me-ch
an-ics^^Q. In: \T1/mdbch/m/it/10.95 Com-mu-ni-ca-tions in Math-e-mat-i-cal Phys
ics
 []


Overfull \hbox (12.54033pt too wide) in paragraph at lines 45--45
[]\T1/mdbch/m/n/10.95 Ralph Abra-ham and Jer-rold E. Mars-den. \T1/mdbch/m/it/1
0.95 Foun-da-tions of Me-chan-ics\T1/mdbch/m/n/10.95 . 2nd ed. AMS Chelsea Pub.
/American
 []

[98


]
Overfull \hbox (16.48514pt too wide) in paragraph at lines 45--45
[]\T1/mdbch/m/n/10.95 Renzo Cirelli, Alessan-dro Manià, and Livio Piz-zoc-chero
. ^^P  Quan-tum Me-chan-ics as an Infinite-Dimensional
 []


Package fancyhdr Warning: \headheight is too small (12.0pt): 
(fancyhdr)                Make it at least 13.59999pt, for example:
(fancyhdr)                \setlength{\headheight}{13.59999pt}.
(fancyhdr)                You might also make \topmargin smaller to compensate:

(fancyhdr)                \addtolength{\topmargin}{-1.59999pt}.

[99] (./main.aux (./frontespizio.aux))
Package rerunfilecheck Info: File `main.out' has not changed.
(rerunfilecheck)             Checksum: 338D3E674DC1C3ACB583AF2E7056C1D8;7462.
Package logreq Info: Writing requests to 'main.run.xml'.
\openout1 = `main.run.xml'.

 ) 
Here is how much of TeX's memory you used:
 35444 strings out of 478268
 673382 string characters out of 5846347
 1458596 words of memory out of 5000000
 52202 multiletter control sequences out of 15000+600000
 586602 words of font info for 205 fonts, out of 8000000 for 9000
 1141 hyphenation exceptions out of 8191
 103i,18n,106p,2455b,1812s stack positions out of 10000i,1000n,20000p,200000b,200000s
{/usr/local/texlive/2022/texmf-dist/fonts/enc/dvips/cm-super/cm-super-t1.enc}
{/usr/local/texlive/2022/texmf-dist/fonts/enc/dvips/ly1/texnansi.enc}</usr/loca
l/texlive/2022/texmf-dist/fonts/type1/bitstrea/charter/bchb8a.pfb></usr/local/t
exlive/2022/texmf-dist/fonts/type1/bitstrea/charter/bchbi8a.pfb></usr/local/tex
live/2022/texmf-dist/fonts/type1/bitstrea/charter/bchr8a.pfb></usr/local/texliv
e/2022/texmf-dist/fonts/type1/bitstrea/charter/bchr8a.pfb></usr/local/texlive/2
022/texmf-dist/fonts/type1/bitstrea/charter/bchri8a.pfb></usr/local/texlive/202
2/texmf-dist/fonts/type1/public/amsfonts/cm/cmsy10.pfb></usr/local/texlive/2022
/texmf-dist/fonts/type1/public/amsfonts/cm/cmsy6.pfb></usr/local/texlive/2022/t
exmf-dist/fonts/type1/public/amsfonts/cm/cmsy8.pfb></usr/local/texlive/2022/tex
mf-dist/fonts/type1/public/amsfonts/euler/eufm10.pfb></usr/local/texlive/2022/t
exmf-dist/fonts/type1/public/mathdesign/mdbch/md-chbi7m.pfb></usr/local/texlive
/2022/texmf-dist/fonts/type1/public/mathdesign/mdbch/md-chr7m.pfb></usr/local/t
exlive/2022/texmf-dist/fonts/type1/public/mathdesign/mdbch/md-chr7t.pfb></usr/l
ocal/texlive/2022/texmf-dist/fonts/type1/public/mathdesign/mdbch/md-chr7v.pfb><
/usr/local/texlive/2022/texmf-dist/fonts/type1/public/mathdesign/mdbch/md-chr7y
.pfb></usr/local/texlive/2022/texmf-dist/fonts/type1/public/mathdesign/mdbch/md
-chr8t.pfb></usr/local/texlive/2022/texmf-dist/fonts/type1/public/mathdesign/md
bch/md-chri7m.pfb></usr/local/texlive/2022/texmf-dist/fonts/type1/public/mathde
sign/mdbch/md-chri8t.pfb></usr/local/texlive/2022/texmf-dist/fonts/type1/public
/mathdesign/mdbch/md-chrma.pfb></usr/local/texlive/2022/texmf-dist/fonts/type1/
public/cm-super/sftt1095.pfb>
Output written on main.pdf (102 pages, 1246689 bytes).
PDF statistics:
 2556 PDF objects out of 2984 (max. 8388607)
 2388 compressed objects within 24 object streams
 815 named destinations out of 1000 (max. 500000)
 234 words of extra memory for PDF output out of 10000 (max. 10000000)

